Input Var1)DCOL-1 - Condenser_Specification_Value,Input Var2)Feed - Molar Fraction (Mixture) / Benzene,Output Var1)Distillate - Molar Fraction (Liquid 1) / Benzene (),Output Var2)Bottoms - Molar Fraction (Liquid 1) / Benzene (),Input Var3)Feed - Molar Fraction (Vapor) (),Output Var3)QC - Energy Flow (kW),Output Var4)QR - Energy Flow (kW),Input Var4)DCOL-1 - Stage_Temperature_1 (K),Input Var5)DCOL-1 - Stage_Temperature_20 (K)
1.5,0.1,0.262711,1.35E-09,0,412.535,574.198,386.501,411.831
1.5,0.127586,0.323722,1.98E-09,0,412.535,574.198,382.194,411.823
1.5,0.155172,0.384834,3.17E-09,0,412.535,574.198,378.307,411.812
1.5,0.182759,0.438932,3.92E-09,0,412.535,574.198,375.173,411.803
1.5,0.210345,0.494878,5.79E-09,0,412.535,574.198,372.197,411.791
1.5,0.237931,0.544656,6.42E-09,0,412.535,574.198,369.747,411.78
1.5,0.265517,0.593295,6.79E-09,0,412.535,574.198,367.514,411.769
1.5,0.293103,0.644735,9.25E-09,0,412.535,574.198,365.308,411.752
1.5,0.32069,0.691659,9.25E-09,0,412.535,574.198,363.414,411.736
1.5,0.348276,0.741812,1.23E-08,0,412.535,574.198,361.51,411.713
1.5,0.375862,0.791867,1.64E-08,0,412.535,574.198,359.721,411.685
1.5,0.403448,0.791867,1.64E-08,0,412.535,574.198,359.721,411.685
1.5,0.431034,0.791867,1.64E-08,0,412.535,574.198,359.721,411.685
1.5,0.458621,0.791867,1.64E-08,0,412.535,574.198,359.721,411.685
1.5,0.486207,0.791867,1.64E-08,0,412.535,574.198,359.721,411.685
1.5,0.513793,1,0.0380507,0,412.535,574.198,353.317,362.61
1.5,0.541379,1,0.0847226,0,412.535,574.198,353.317,362.196
1.5,0.568966,1,0.127873,0,412.535,574.198,353.317,361.815
1.5,0.596552,1,0.168349,0,412.535,574.198,353.317,361.465
1.5,0.624138,1,0.205962,0,412.535,574.198,353.317,361.138
1.5,0.651724,1,0.241023,0,412.535,574.198,353.317,360.835
1.5,0.67931,1,0.273677,0,412.535,574.198,353.317,360.549
1.5,0.706897,1,0.304423,0,412.535,574.198,353.317,360.285
1.5,0.734483,1,0.333337,0,412.535,574.198,353.317,360.035
1.5,0.762069,1,0.360363,0,412.535,574.198,353.317,359.8
1.5,0.789655,1,0.385791,0,412.535,574.198,353.318,359.58
1.5,0.817241,1,0.409703,0,412.535,574.198,353.318,359.372
1.5,0.844828,1,0.432282,0,412.535,574.198,353.318,359.175
1.5,0.872414,1,0.45358,0,412.535,574.198,353.318,358.989
1.5,0.9,1,0.473664,0,412.535,574.198,353.318,358.813
1.65517,0.1,0.264019,1.11E-09,0,412.535,574.198,386.404,411.834
1.65517,0.127586,0.32519,1.62E-09,0,412.535,574.198,382.096,411.826
1.65517,0.155172,0.386693,2.59E-09,0,412.535,574.198,378.195,411.817
1.65517,0.182759,0.440698,3.19E-09,0,412.535,574.198,375.075,411.809
1.65517,0.210345,0.496894,4.69E-09,0,412.535,574.198,372.094,411.798
1.65517,0.237931,0.546407,5.18E-09,0,412.535,574.198,369.664,411.789
1.65517,0.265517,0.599156,7.22E-09,0,412.535,574.198,367.256,411.775
1.65517,0.293103,0.646067,7.40E-09,0,412.535,574.198,365.249,411.763
1.65517,0.32069,0.696887,1.00E-08,0,412.535,574.198,363.212,411.746
1.65517,0.348276,0.742899,9.77E-09,0,412.535,574.198,361.471,411.73
1.65517,0.375862,0.792954,1.30E-08,0,412.535,574.198,359.684,411.706
1.65517,0.403448,0.792954,1.30E-08,0,412.535,574.198,359.684,411.706
1.65517,0.431034,0.792954,1.30E-08,0,412.535,574.198,359.684,411.706
1.65517,0.458621,0.792954,1.30E-08,0,412.535,574.198,359.684,411.706
1.65517,0.486207,0.792954,1.30E-08,0,412.535,574.198,359.684,411.706
1.65517,0.513793,1,0.0380464,0,412.535,574.198,353.317,362.224
1.65517,0.541379,1,0.0845473,0,412.535,574.198,353.317,361.843
1.65517,0.568966,1,0.128048,0,412.535,574.198,353.317,361.493
1.65517,0.596552,1,0.168274,0,412.535,574.198,353.317,361.165
1.65517,0.624138,1,0.205759,0,412.535,574.198,353.317,360.863
1.65517,0.651724,1,0.240945,0,412.535,574.198,353.317,360.582
1.65517,0.67931,1,0.273623,0,412.535,574.198,353.317,360.316
1.65517,0.706897,1,0.30449,0,412.535,574.198,353.317,360.069
1.65517,0.734483,1,0.333266,0,412.535,574.198,353.317,359.835
1.65517,0.762069,1,0.36036,0,412.535,574.198,353.317,359.616
1.65517,0.789655,1,0.385751,0,412.535,574.198,353.317,359.409
1.65517,0.817241,1,0.409707,0,412.535,574.198,353.318,359.213
1.65517,0.844828,1,0.432202,0,412.535,574.198,353.318,359.029
1.65517,0.872414,1,0.453506,0,412.535,574.198,353.318,358.854
1.65517,0.9,1,0.473635,0,412.535,574.198,353.318,358.688
1.81034,0.1,0.265336,9.28E-10,0,412.535,574.198,386.306,411.836
1.81034,0.127586,0.331329,1.60E-09,0,412.535,574.198,381.689,411.828
1.81034,0.155172,0.38858,2.15E-09,0,412.535,574.198,378.081,411.82
1.81034,0.182759,0.44251,2.64E-09,0,412.535,574.198,374.975,411.814
1.81034,0.210345,0.498964,3.86E-09,0,412.535,574.198,371.988,411.803
1.81034,0.237931,0.548182,4.25E-09,0,412.535,574.198,369.579,411.795
1.81034,0.265517,0.601136,5.91E-09,0,412.535,574.198,367.17,411.783
1.81034,0.293103,0.647711,6.03E-09,0,412.535,574.198,365.183,411.773
1.81034,0.32069,0.698383,8.12E-09,0,412.535,574.198,363.151,411.758
1.81034,0.348276,0.743995,7.90E-09,0,412.535,574.198,361.43,411.744
1.81034,0.375862,0.794128,1.04E-08,0,412.535,574.198,359.643,411.724
1.81034,0.403448,0.794128,1.04E-08,0,412.535,574.198,359.643,411.724
1.81034,0.431034,0.794128,1.04E-08,0,412.535,574.198,359.643,411.724
1.81034,0.458621,0.794128,1.04E-08,0,412.535,574.198,359.643,411.724
1.81034,0.486207,0.794128,1.04E-08,0,412.535,574.198,359.643,411.724
1.81034,0.513793,1,0.0378989,0,412.535,574.198,353.317,361.867
1.81034,0.541379,1,0.0847065,0,412.535,574.198,353.317,361.518
1.81034,0.568966,1,0.128044,0,412.535,574.198,353.317,361.193
1.81034,0.596552,1,0.16829,0,412.535,574.198,353.317,360.891
1.81034,0.624138,1,0.205719,0,412.535,574.198,353.317,360.608
1.81034,0.651724,1,0.241,0,412.535,574.198,353.317,360.344
1.81034,0.67931,1,0.27362,0,412.535,574.198,353.317,360.097
1.81034,0.706897,1,0.304521,0,412.535,574.198,353.317,359.865
1.81034,0.734483,1,0.332957,0,412.535,574.198,353.318,359.648
1.81034,0.762069,1,0.360317,0,412.535,574.198,353.317,359.441
1.81034,0.789655,1,0.385602,0,412.535,574.198,353.317,359.248
1.81034,0.817241,1,0.409568,0,412.535,574.198,353.318,359.064
1.81034,0.844828,1,0.432147,0,412.535,574.198,353.318,358.89
1.81034,0.872414,1,0.453462,0,412.535,574.198,353.318,358.725
1.81034,0.9,1,0.473595,0,412.535,574.198,353.318,358.568
1.96552,0.1,0.266658,7.87E-10,0,412.535,574.198,386.208,411.838
1.96552,0.127586,0.333183,1.35E-09,0,412.535,574.198,381.566,411.83
1.96552,0.155172,0.390499,1.81E-09,0,412.535,574.198,377.965,411.824
1.96552,0.182759,0.444351,2.21E-09,0,412.535,574.198,374.873,411.817
1.96552,0.210345,0.50109,3.23E-09,0,412.535,574.198,371.881,411.808
1.96552,0.237931,0.550057,3.54E-09,0,412.535,574.198,369.492,411.801
1.96552,0.265517,0.603042,4.91E-09,0,412.535,574.198,367.083,411.79
1.96552,0.293103,0.64932,5.00E-09,0,412.535,574.198,365.116,411.781
1.96552,0.32069,0.700059,6.70E-09,0,412.535,574.198,363.086,411.768
1.96552,0.348276,0.745271,6.49E-09,0,412.535,574.198,361.384,411.756
1.96552,0.375862,0.795335,8.55E-09,0,412.535,574.198,359.601,411.738
1.96552,0.403448,0.795335,8.55E-09,0,412.535,574.198,359.601,411.738
1.96552,0.431034,0.795335,8.55E-09,0,412.535,574.198,359.601,411.738
1.96552,0.458621,0.795335,8.55E-09,0,412.535,574.198,359.601,411.738
1.96552,0.486207,0.795335,8.55E-09,0,412.535,574.198,359.601,411.738
1.96552,0.513793,1,0.0380215,0,412.535,574.198,353.317,361.541
1.96552,0.541379,1,0.0847092,0,412.535,574.198,353.317,361.216
1.96552,0.568966,1,0.127961,0,412.535,574.198,353.317,360.913
1.96552,0.596552,1,0.168341,0,412.535,574.198,353.317,360.631
1.96552,0.624138,1,0.205906,0,412.535,574.198,353.317,360.369
1.96552,0.651724,1,0.240928,0,412.535,574.198,353.317,360.12
1.96552,0.67931,1,0.27362,0,412.535,574.198,353.317,359.892
1.96552,0.706897,1,0.304421,0,412.535,574.198,353.317,359.674
1.96552,0.734483,1,0.333297,0,412.535,574.198,353.317,359.468
1.96552,0.762069,1,0.360074,0,412.535,574.198,353.317,359.278
1.96552,0.789655,1,0.385532,0,412.535,574.198,353.317,359.095
1.96552,0.817241,1,0.409501,0,412.535,574.198,353.318,358.921
1.96552,0.844828,1,0.432083,0,412.535,574.198,353.318,358.757
1.96552,0.872414,1,0.453404,0,412.535,574.198,353.318,358.601
1.96552,0.9,1,0.473337,0,412.535,574.198,353.318,358.456
2.12069,0.1,0.267982,6.75E-10,0,412.535,574.198,386.11,411.84
2.12069,0.127586,0.335047,1.16E-09,0,412.535,574.198,381.443,411.832
2.12069,0.155172,0.39244,1.54E-09,0,412.535,574.198,377.849,411.826
2.12069,0.182759,0.452553,2.35E-09,0,412.535,574.198,374.425,411.818
2.12069,0.210345,0.50325,2.73E-09,0,412.535,574.198,371.772,411.812
2.12069,0.237931,0.551938,2.99E-09,0,412.535,574.198,369.402,411.806
2.12069,0.265517,0.605179,4.14E-09,0,412.535,574.198,366.992,411.796
2.12069,0.293103,0.650966,4.20E-09,0,412.535,574.198,365.049,411.788
2.12069,0.32069,0.701981,5.61E-09,0,412.535,574.198,363.017,411.776
2.12069,0.348276,0.752365,7.49E-09,0,412.535,574.198,361.127,411.761
2.12069,0.375862,0.796409,7.10E-09,0,412.535,574.198,359.56,411.749
2.12069,0.403448,0.796409,7.10E-09,0,412.535,574.198,359.56,411.749
2.12069,0.431034,0.796409,7.10E-09,0,412.535,574.198,359.56,411.749
2.12069,0.458621,0.796409,7.10E-09,0,412.535,574.198,359.56,411.749
2.12069,0.486207,0.796409,7.10E-09,0,412.535,574.198,359.56,411.749
2.12069,0.513793,1,0.0379137,0,412.535,574.198,353.317,361.236
2.12069,0.541379,1,0.0844625,0,412.535,574.198,353.317,360.934
2.12069,0.568966,1,0.127922,0,412.535,574.198,353.317,360.653
2.12069,0.596552,1,0.168191,0,412.535,574.198,353.317,360.388
2.12069,0.624138,1,0.205838,0,412.535,574.198,353.317,360.144
2.12069,0.651724,1,0.240785,0,412.535,574.198,353.317,359.912
2.12069,0.67931,1,0.273694,0,412.535,574.198,353.317,359.697
2.12069,0.706897,1,0.304028,0,412.535,574.198,353.317,359.497
2.12069,0.734483,1,0.332913,0,412.535,574.198,353.317,359.303
2.12069,0.762069,1,0.359976,0,412.535,574.198,353.317,359.121
2.12069,0.789655,1,0.385439,0,412.535,574.198,353.317,358.949
2.12069,0.817241,1,0.409413,0,412.535,574.198,353.318,358.786
2.12069,0.844828,1,0.431669,0,412.535,574.198,353.318,358.635
2.12069,0.872414,1,0.45302,0,412.535,574.198,353.318,358.487
2.12069,0.9,1,0.473192,0,412.535,574.198,353.318,358.347
2.27586,0.1,0.269305,5.86E-10,0,412.535,574.198,386.012,411.841
2.27586,0.127586,0.336917,9.99E-10,0,412.535,574.198,381.321,411.834
2.27586,0.155172,0.394397,1.33E-09,0,412.535,574.198,377.733,411.829
2.27586,0.182759,0.454898,2.02E-09,0,412.535,574.198,374.297,411.821
2.27586,0.210345,0.505445,2.34E-09,0,412.535,574.198,371.661,411.816
2.27586,0.237931,0.560853,3.35E-09,0,412.535,574.198,368.987,411.807
2.27586,0.265517,0.607202,3.53E-09,0,412.535,574.198,366.901,411.801
2.27586,0.293103,0.659476,4.82E-09,0,412.535,574.198,364.702,411.791
2.27586,0.32069,0.703644,4.75E-09,0,412.535,574.198,362.949,411.783
2.27586,0.348276,0.754225,6.32E-09,0,412.535,574.198,361.06,411.77
2.27586,0.375862,0.797706,5.98E-09,0,412.535,574.198,359.515,411.759
2.27586,0.403448,0.797706,5.98E-09,0,412.535,574.198,359.515,411.759
2.27586,0.431034,0.797706,5.98E-09,0,412.535,574.198,359.515,411.759
2.27586,0.458621,0.797706,5.98E-09,0,412.535,574.198,359.515,411.759
2.27586,0.486207,0.797706,5.98E-09,0,412.535,574.198,359.515,411.759
2.27586,0.513793,1,0.0379014,0,412.535,574.198,353.317,360.955
2.27586,0.541379,1,0.0844446,0,412.535,574.198,353.317,360.67
2.27586,0.568966,1,0.127979,0,412.535,574.198,353.317,360.408
2.27586,0.596552,1,0.16815,0,412.535,574.198,353.317,360.162
2.27586,0.624138,1,0.205812,0,412.535,574.198,353.317,359.933
2.27586,0.651724,1,0.240746,0,412.535,574.198,353.317,359.716
2.27586,0.67931,1,0.273119,0,412.535,574.198,353.317,359.52
2.27586,0.706897,1,0.303903,0,412.535,574.198,353.317,359.327
2.27586,0.734483,1,0.332488,0,412.535,574.198,353.317,359.146
2.27586,0.762069,1,0.359848,0,412.535,574.198,353.317,358.973
2.27586,0.789655,1,0.385319,0,412.535,574.198,353.317,358.811
2.27586,0.817241,1,0.408771,0,412.535,574.198,353.317,358.662
2.27586,0.844828,1,0.431431,0,412.535,574.198,353.318,358.515
2.27586,0.872414,1,0.452804,0,412.535,574.198,353.318,358.376
2.27586,0.9,1,0.472997,0,412.535,574.198,353.318,358.243
2.43103,0.1,0.270625,5.13E-10,0,412.535,574.198,385.915,411.842
2.43103,0.127586,0.338789,8.72E-10,0,412.535,574.198,381.198,411.836
2.43103,0.155172,0.396369,1.15E-09,0,412.535,574.198,377.615,411.831
2.43103,0.182759,0.457273,1.76E-09,0,412.535,574.198,374.169,411.824
2.43103,0.210345,0.507665,2.03E-09,0,412.535,574.198,371.551,411.819
2.43103,0.237931,0.563323,2.89E-09,0,412.535,574.198,368.872,411.811
2.43103,0.265517,0.609433,3.04E-09,0,412.535,574.198,366.806,411.805
2.43103,0.293103,0.661604,4.14E-09,0,412.535,574.198,364.611,411.796
2.43103,0.32069,0.705492,4.08E-09,0,412.535,574.198,362.876,411.789
2.43103,0.348276,0.755926,5.40E-09,0,412.535,574.198,360.993,411.777
2.43103,0.375862,0.799131,5.09E-09,0,412.535,574.198,359.468,411.768
2.43103,0.403448,0.799131,5.09E-09,0,412.535,574.198,359.468,411.768
2.43103,0.431034,0.799131,5.09E-09,0,412.535,574.198,359.468,411.768
2.43103,0.458621,0.799131,5.09E-09,0,412.535,574.198,359.468,411.768
2.43103,0.486207,0.799131,5.09E-09,0,412.535,574.198,359.468,411.768
2.43103,0.513793,1,0.0377984,0,412.535,574.198,353.317,360.69
2.43103,0.541379,1,0.0846372,0,412.535,574.198,353.317,360.428
2.43103,0.568966,1,0.127807,0,412.535,574.198,353.317,360.179
2.43103,0.596552,1,0.168269,0,412.535,574.198,353.317,359.95
2.43103,0.624138,1,0.205774,0,412.535,574.198,353.317,359.732
2.43103,0.651724,1,0.239857,0,412.535,574.198,353.317,359.539
2.43103,0.67931,1,0.272809,0,412.535,574.198,353.317,359.348
2.43103,0.706897,1,0.303727,0,412.535,574.198,353.317,359.166
2.43103,0.734483,1,0.33236,0,412.535,574.198,353.317,358.996
2.43103,0.762069,1,0.359685,0,412.535,574.198,353.317,358.832
2.43103,0.789655,1,0.384433,0,412.535,574.198,353.317,358.687
2.43103,0.817241,1,0.408502,0,412.535,574.198,353.317,358.54
2.43103,0.844828,1,0.431183,0,412.535,574.198,353.318,358.401
2.43103,0.872414,1,0.452577,0,412.535,574.198,353.318,358.269
2.43103,0.9,1,0.472789,0,412.535,574.198,353.318,358.143
2.58621,0.1,0.277722,5.20E-10,0,412.535,574.198,385.397,411.842
2.58621,0.127586,0.340662,7.67E-10,0,412.535,574.198,381.076,411.837
2.58621,0.155172,0.398345,1.01E-09,0,412.535,574.198,377.498,411.833
2.58621,0.182759,0.459663,1.54E-09,0,412.535,574.198,374.04,411.826
2.58621,0.210345,0.509911,1.77E-09,0,412.535,574.198,371.438,411.822
2.58621,0.237931,0.565838,2.52E-09,0,412.535,574.198,368.755,411.814
2.58621,0.265517,0.611569,2.64E-09,0,412.535,574.198,366.712,411.809
2.58621,0.293103,0.664042,3.59E-09,0,412.535,574.198,364.514,411.8
2.58621,0.32069,0.707482,3.53E-09,0,412.535,574.198,362.802,411.794
2.58621,0.348276,0.7579,4.66E-09,0,412.535,574.198,360.922,411.783
2.58621,0.375862,0.800685,4.38E-09,0,412.535,574.198,359.417,411.775
2.58621,0.403448,0.800685,4.38E-09,0,412.535,574.198,359.417,411.775
2.58621,0.431034,0.800685,4.38E-09,0,412.535,574.198,359.417,411.775
2.58621,0.458621,0.800685,4.38E-09,0,412.535,574.198,359.417,411.775
2.58621,0.486207,0.800685,4.38E-09,0,412.535,574.198,359.417,411.775
2.58621,0.513793,1,0.037915,0,412.535,574.198,353.317,360.447
2.58621,0.541379,1,0.0846163,0,412.535,574.198,353.317,360.197
2.58621,0.568966,1,0.127926,0,412.535,574.198,353.317,359.966
2.58621,0.596552,1,0.168201,0,412.535,574.198,353.317,359.75
2.58621,0.624138,1,0.2057,0,412.535,574.198,353.317,359.545
2.58621,0.651724,1,0.239597,0,412.535,574.198,353.317,359.367
2.58621,0.67931,1,0.272612,0,412.535,574.198,353.317,359.185
2.58621,0.706897,1,0.303495,0,412.535,574.198,353.317,359.013
2.58621,0.734483,1,0.332181,0,412.535,574.198,353.317,358.852
2.58621,0.762069,1,0.35856,0,412.535,574.198,353.317,358.708
2.58621,0.789655,1,0.384094,0,412.535,574.198,353.317,358.563
2.58621,0.817241,1,0.40819,0,412.535,574.198,353.317,358.424
2.58621,0.844828,1,0.430896,0,412.535,574.198,353.318,358.292
2.58621,0.872414,1,0.452314,0,412.535,574.198,353.318,358.167
2.58621,0.9,1,0.471802,0,412.535,574.198,353.318,358.056
2.74138,0.1,0.279313,4.62E-10,0,412.535,574.198,385.282,411.843
2.74138,0.127586,0.342532,6.81E-10,0,412.535,574.198,380.954,411.839
2.74138,0.155172,0.400326,8.98E-10,0,412.535,574.198,377.381,411.835
2.74138,0.182759,0.462065,1.36E-09,0,412.535,574.198,373.911,411.828
2.74138,0.210345,0.512178,1.56E-09,0,412.535,574.198,371.324,411.824
2.74138,0.237931,0.568379,2.21E-09,0,412.535,574.198,368.639,411.817
2.74138,0.265517,0.614015,2.32E-09,0,412.535,574.198,366.61,411.812
2.74138,0.293103,0.66636,3.14E-09,0,412.535,574.198,364.418,411.804
2.74138,0.32069,0.709388,3.08E-09,0,412.535,574.198,362.729,411.799
2.74138,0.348276,0.760091,4.06E-09,0,412.535,574.198,360.847,411.789
2.74138,0.375862,0.810094,5.36E-09,0,412.535,574.198,359.09,411.777
2.74138,0.403448,0.810094,5.36E-09,0,412.535,574.198,359.09,411.777
2.74138,0.431034,0.810094,5.36E-09,0,412.535,574.198,359.09,411.777
2.74138,0.458621,0.810094,5.36E-09,0,412.535,574.198,359.09,411.777
2.74138,0.486207,0.810094,5.36E-09,0,412.535,574.198,359.09,411.777
2.74138,0.513793,1,0.0378871,0,412.535,574.198,353.317,360.215
2.74138,0.541379,1,0.0844568,0,412.535,574.198,353.317,359.981
2.74138,0.568966,1,0.127974,0,412.535,574.198,353.317,359.764
2.74138,0.596552,1,0.16812,0,412.535,574.198,353.317,359.559
2.74138,0.624138,1,0.203965,0,412.535,574.198,353.317,359.384
2.74138,0.651724,1,0.23936,0,412.535,574.198,353.317,359.203
2.74138,0.67931,1,0.272368,0,412.535,574.198,353.317,359.031
2.74138,0.706897,1,0.303022,0,412.535,574.198,353.317,358.869
2.74138,0.734483,1,0.330697,0,412.535,574.198,353.317,358.729
2.74138,0.762069,1,0.358079,0,412.535,574.198,353.317,358.583
2.74138,0.789655,1,0.38371,0,412.535,574.198,353.317,358.445
2.74138,0.817241,1,0.407836,0,412.535,574.198,353.317,358.314
2.74138,0.844828,1,0.430565,0,412.535,574.198,353.317,358.189
2.74138,0.872414,1,0.451044,0,412.535,574.198,353.318,358.08
2.74138,0.9,1,0.471378,0,412.535,574.198,353.318,357.965
2.89655,0.1,0.280894,4.14E-10,0,412.535,574.198,385.168,411.844
2.89655,0.127586,0.344398,6.08E-10,0,412.535,574.198,380.833,411.84
2.89655,0.155172,0.402308,8.01E-10,0,412.535,574.198,377.264,411.836
2.89655,0.182759,0.464483,1.21E-09,0,412.535,574.198,373.782,411.83
2.89655,0.210345,0.514479,1.39E-09,0,412.535,574.198,371.21,411.826
2.89655,0.237931,0.570942,1.96E-09,0,412.535,574.198,368.521,411.819
2.89655,0.265517,0.616043,2.05E-09,0,412.535,574.198,366.519,411.815
2.89655,0.293103,0.668999,2.77E-09,0,412.535,574.198,364.318,411.808
2.89655,0.32069,0.711272,2.71E-09,0,412.535,574.198,362.655,411.803
2.89655,0.348276,0.762049,3.56E-09,0,412.535,574.198,360.774,411.793
2.89655,0.375862,0.812408,4.69E-09,0,412.535,574.198,359.015,411.783
2.89655,0.403448,0.812408,4.69E-09,0,412.535,574.198,359.015,411.783
2.89655,0.431034,0.812408,4.69E-09,0,412.535,574.198,359.015,411.783
2.89655,0.458621,0.812408,4.69E-09,0,412.535,574.198,359.015,411.783
2.89655,0.486207,0.812408,4.69E-09,0,412.535,574.198,359.015,411.783
2.89655,0.513793,1,0.0378763,0,412.535,574.198,353.317,359.998
2.89655,0.541379,1,0.0844774,0,412.535,574.198,353.317,359.779
2.89655,0.568966,1,0.127634,0,412.535,574.198,353.317,359.574
2.89655,0.596552,1,0.165758,0,412.535,574.198,353.317,359.402
2.89655,0.624138,1,0.203707,0,412.535,574.198,353.317,359.221
2.89655,0.651724,1,0.23907,0,412.535,574.198,353.317,359.048
2.89655,0.67931,1,0.272069,0,412.535,574.198,353.317,358.885
2.89655,0.706897,1,0.302696,0,412.535,574.198,353.317,358.732
2.89655,0.734483,1,0.330126,0,412.535,574.198,353.317,358.603
2.89655,0.762069,1,0.357607,0,412.535,574.198,353.317,358.464
2.89655,0.789655,1,0.383279,0,412.535,574.198,353.317,358.333
2.89655,0.817241,1,0.407441,0,412.535,574.198,353.317,358.208
2.89655,0.844828,1,0.428956,0,412.535,574.198,353.317,358.102
2.89655,0.872414,1,0.450535,0,412.535,574.198,353.318,357.988
2.89655,0.9,1,0.470911,0,412.535,574.198,353.318,357.879
3.05172,0.1,0.282464,3.73E-10,0,412.535,574.198,385.054,411.845
3.05172,0.127586,0.346257,5.47E-10,0,412.535,574.198,380.712,411.841
3.05172,0.155172,0.413491,8.77E-10,0,412.535,574.198,376.612,411.835
3.05172,0.182759,0.466899,1.08E-09,0,412.535,574.198,373.654,411.832
3.05172,0.210345,0.516768,1.24E-09,0,412.535,574.198,371.098,411.828
3.05172,0.237931,0.573578,1.75E-09,0,412.535,574.198,368.401,411.822
3.05172,0.265517,0.618476,1.82E-09,0,412.535,574.198,366.417,411.818
3.05172,0.293103,0.671347,2.46E-09,0,412.535,574.198,364.22,411.811
3.05172,0.32069,0.723058,3.31E-09,0,412.535,574.198,362.207,411.803
3.05172,0.348276,0.76419,3.15E-09,0,412.535,574.198,360.698,411.798
3.05172,0.375862,0.81449,4.14E-09,0,412.535,574.198,358.943,411.788
3.05172,0.403448,0.855136,3.79E-09,0,412.535,574.198,357.594,411.781
3.05172,0.431034,0.855136,3.79E-09,0,412.535,574.198,357.594,411.781
3.05172,0.458621,0.855136,3.79E-09,0,412.535,574.198,357.594,411.781
3.05172,0.486207,0.855136,3.79E-09,0,412.535,574.198,357.594,411.781
3.05172,0.513793,1,0.0377979,0,412.535,574.198,353.317,359.793
3.05172,0.541379,1,0.084611,0,412.535,574.198,353.317,359.588
3.05172,0.568966,1,0.127672,0,412.535,574.198,353.317,359.395
3.05172,0.596552,1,0.165335,0,412.535,574.198,353.317,359.236
3.05172,0.624138,1,0.203362,0,412.535,574.198,353.317,359.064
3.05172,0.651724,1,0.238711,0,412.535,574.198,353.317,358.901
3.05172,0.67931,1,0.27171,0,412.535,574.198,353.317,358.747
3.05172,0.706897,1,0.30045,0,412.535,574.198,353.317,358.62
3.05172,0.734483,1,0.329614,0,412.535,574.198,353.317,358.483
3.05172,0.762069,1,0.357083,0,412.535,574.198,353.317,358.35
3.05172,0.789655,1,0.382802,0,412.535,574.198,353.317,358.226
3.05172,0.817241,1,0.407005,0,412.535,574.198,353.317,358.107
3.05172,0.844828,1,0.428353,0,412.535,574.198,353.317,358.008
3.05172,0.872414,1,0.449981,0,412.535,574.198,353.318,357.9
3.05172,0.9,1,0.470402,0,412.535,574.198,353.318,357.797
3.2069,0.1,0.284022,3.38E-10,0,412.535,574.198,384.944,411.846
3.2069,0.127586,0.348109,4.94E-10,0,412.535,574.198,380.595,411.842
3.2069,0.155172,0.415899,7.91E-10,0,412.535,574.198,376.474,411.837
3.2069,0.182759,0.469316,9.74E-10,0,412.535,574.198,373.525,411.833
3.2069,0.210345,0.519068,1.12E-09,0,412.535,574.198,370.984,411.83
3.2069,0.237931,0.576145,1.57E-09,0,412.535,574.198,368.284,411.824
3.2069,0.265517,0.631501,2.18E-09,0,412.535,574.198,365.863,411.817
3.2069,0.293103,0.673787,2.20E-09,0,412.535,574.198,364.123,411.813
3.2069,0.32069,0.725927,2.95E-09,0,412.535,574.198,362.105,411.806
3.2069,0.348276,0.766312,2.81E-09,0,412.535,574.198,360.621,411.801
3.2069,0.375862,0.816708,3.68E-09,0,412.535,574.198,358.869,411.792
3.2069,0.403448,0.856734,3.36E-09,0,412.535,574.198,357.543,411.786
3.2069,0.431034,0.856734,3.36E-09,0,412.535,574.198,357.543,411.786
3.2069,0.458621,0.856734,3.36E-09,0,412.535,574.198,357.543,411.786
3.2069,0.486207,0.856734,3.36E-09,0,412.535,574.198,357.543,411.786
3.2069,0.513793,1,0.0378041,0,412.535,574.198,353.317,359.602
3.2069,0.541379,1,0.0844803,0,412.535,574.198,353.317,359.406
3.2069,0.568966,1,0.124233,0,412.535,574.198,353.317,359.256
3.2069,0.596552,1,0.164966,0,412.535,574.198,353.317,359.081
3.2069,0.624138,1,0.202826,0,412.535,574.198,353.317,358.917
3.2069,0.651724,1,0.238228,0,412.535,574.198,353.317,358.762
3.2069,0.67931,1,0.268664,0,412.535,574.198,353.317,358.637
3.2069,0.706897,1,0.299824,0,412.535,574.198,353.317,358.499
3.2069,0.734483,1,0.328969,0,412.535,574.198,353.317,358.367
3.2069,0.762069,1,0.35651,0,412.535,574.198,353.317,358.242
3.2069,0.789655,1,0.382282,0,412.535,574.198,353.317,358.123
3.2069,0.817241,1,0.404713,0,412.535,574.198,353.317,358.028
3.2069,0.844828,1,0.427701,0,412.535,574.198,353.317,357.919
3.2069,0.872414,1,0.449379,0,412.535,574.198,353.317,357.816
3.2069,0.9,1,0.469852,0,412.535,574.198,353.318,357.717
3.36207,0.1,0.285567,3.08E-10,0,412.535,574.198,384.833,411.847
3.36207,0.127586,0.349951,4.49E-10,0,412.535,574.198,380.477,411.843
3.36207,0.155172,0.418302,7.17E-10,0,412.535,574.198,376.336,411.838
3.36207,0.182759,0.471735,8.82E-10,0,412.535,574.198,373.397,411.834
3.36207,0.210345,0.532524,1.29E-09,0,412.535,574.198,370.328,411.829
3.36207,0.237931,0.578768,1.42E-09,0,412.535,574.198,368.165,411.826
3.36207,0.265517,0.634349,1.97E-09,0,412.535,574.198,365.743,411.819
3.36207,0.293103,0.676156,1.98E-09,0,412.535,574.198,364.025,411.816
3.36207,0.32069,0.728491,2.65E-09,0,412.535,574.198,362.007,411.809
3.36207,0.348276,0.76832,2.51E-09,0,412.535,574.198,360.547,411.805
3.36207,0.375862,0.818696,3.29E-09,0,412.535,574.198,358.798,411.796
3.36207,0.403448,0.858319,3.00E-09,0,412.535,574.198,357.491,411.791
3.36207,0.431034,0.858319,3.00E-09,0,412.535,574.198,357.491,411.791
3.36207,0.458621,0.858319,3.00E-09,0,412.535,574.198,357.491,411.791
3.36207,0.486207,0.858319,3.00E-09,0,412.535,574.198,357.491,411.791
3.36207,0.513793,1,0.0379196,0,412.535,574.198,353.317,359.423
3.36207,0.541379,1,0.0842586,0,412.535,574.198,353.317,359.238
3.36207,0.568966,1,0.123602,0,412.535,574.198,353.317,359.099
3.36207,0.596552,1,0.164365,0,412.535,574.198,353.317,358.933
3.36207,0.624138,1,0.202368,0,412.535,574.198,353.317,358.777
3.36207,0.651724,1,0.237599,0,412.535,574.198,353.317,358.629
3.36207,0.67931,1,0.267838,0,412.535,574.198,353.317,358.515
3.36207,0.706897,1,0.299078,0,412.535,574.198,353.317,358.385
3.36207,0.734483,1,0.328312,0,412.535,574.198,353.317,358.258
3.36207,0.762069,1,0.355892,0,412.535,574.198,353.317,358.139
3.36207,0.789655,1,0.379481,0,412.535,574.198,353.317,358.046
3.36207,0.817241,1,0.403955,0,412.535,574.198,353.317,357.937
3.36207,0.844828,1,0.427004,0,412.535,574.198,353.317,357.834
3.36207,0.872414,1,0.448739,0,412.535,574.198,353.317,357.735
3.36207,0.9,1,0.469265,0,412.535,574.198,353.318,357.641
3.51724,0.1,0.28709,2.82E-10,0,412.535,574.198,384.724,411.847
3.51724,0.127586,0.351783,4.10E-10,0,412.535,574.198,380.359,411.844
3.51724,0.155172,0.420698,6.54E-10,0,412.535,574.198,376.199,411.839
3.51724,0.182759,0.474151,8.03E-10,0,412.535,574.198,373.27,411.836
3.51724,0.210345,0.53536,1.18E-09,0,412.535,574.198,370.191,411.83
3.51724,0.237931,0.581415,1.28E-09,0,412.535,574.198,368.046,411.827
3.51724,0.265517,0.637127,1.78E-09,0,412.535,574.198,365.624,411.821
3.51724,0.293103,0.678777,1.79E-09,0,412.535,574.198,363.924,411.818
3.51724,0.32069,0.731051,2.39E-09,0,412.535,574.198,361.91,411.812
3.51724,0.348276,0.770735,2.26E-09,0,412.535,574.198,360.466,411.808
3.51724,0.375862,0.820943,2.95E-09,0,412.535,574.198,358.722,411.8
3.51724,0.403448,0.871074,3.87E-09,0,412.535,574.198,357.079,411.791
3.51724,0.431034,0.871074,3.87E-09,0,412.535,574.198,357.079,411.791
3.51724,0.458621,0.871074,3.87E-09,0,412.535,574.198,357.079,411.791
3.51724,0.486207,0.871074,3.87E-09,0,412.535,574.198,357.079,411.791
3.51724,0.513793,1,0.0378894,0,412.535,574.198,353.317,359.252
3.51724,0.541379,1,0.0789486,0,412.535,574.198,353.317,359.117
3.51724,0.568966,1,0.122879,0,412.535,574.198,353.317,358.948
3.51724,0.596552,1,0.163811,0,412.535,574.198,353.317,358.792
3.51724,0.624138,1,0.201841,0,412.535,574.198,353.317,358.644
3.51724,0.651724,1,0.233681,0,412.535,574.198,353.317,358.532
3.51724,0.67931,1,0.267097,0,412.535,574.198,353.317,358.399
3.51724,0.706897,1,0.298231,0,412.535,574.198,353.317,358.274
3.51724,0.734483,1,0.327629,0,412.535,574.198,353.317,358.154
3.51724,0.762069,1,0.355231,0,412.535,574.198,353.317,358.04
3.51724,0.789655,1,0.378594,0,412.535,574.198,353.317,357.954
3.51724,0.817241,1,0.403149,0,412.535,574.198,353.317,357.851
3.51724,0.844828,1,0.426263,0,412.535,574.198,353.317,357.752
3.51724,0.872414,1,0.44806,0,412.535,574.198,353.317,357.658
3.51724,0.9,1,0.468642,0,412.535,574.198,353.318,357.568
3.67241,0.1,0.288607,2.59E-10,0,412.535,574.198,384.616,411.848
3.67241,0.127586,0.353603,3.77E-10,0,412.535,574.198,380.243,411.845
3.67241,0.155172,0.423085,5.98E-10,0,412.535,574.198,376.063,411.84
3.67241,0.182759,0.476564,7.34E-10,0,412.535,574.198,373.143,411.837
3.67241,0.210345,0.53818,1.07E-09,0,412.535,574.198,370.055,411.832
3.67241,0.237931,0.584026,1.17E-09,0,412.535,574.198,367.927,411.829
3.67241,0.265517,0.640079,1.62E-09,0,412.535,574.198,365.502,411.823
3.67241,0.293103,0.681232,1.63E-09,0,412.535,574.198,363.824,411.82
3.67241,0.32069,0.733651,2.17E-09,0,412.535,574.198,361.811,411.814
3.67241,0.348276,0.772676,2.05E-09,0,412.535,574.198,360.392,411.81
3.67241,0.375862,0.82321,2.67E-09,0,412.535,574.198,358.646,411.803
3.67241,0.403448,0.873567,3.49E-09,0,412.535,574.198,357.001,411.794
3.67241,0.431034,0.911707,3.13E-09,0,412.535,574.198,355.808,411.789
3.67241,0.458621,0.911707,3.13E-09,0,412.535,574.198,355.808,411.789
3.67241,0.486207,0.911707,3.13E-09,0,412.535,574.198,355.808,411.789
3.67241,0.513793,1,0.0378808,0,412.535,574.198,353.317,359.09
3.67241,0.541379,1,0.0782911,0,412.535,574.198,353.317,358.97
3.67241,0.568966,1,0.122121,0,412.535,574.198,353.317,358.809
3.67241,0.596552,1,0.163108,0,412.535,574.198,353.317,358.658
3.67241,0.624138,1,0.201143,0,412.535,574.198,353.317,358.517
3.67241,0.651724,1,0.232637,0,412.535,574.198,353.317,358.416
3.67241,0.67931,1,0.266029,0,412.535,574.198,353.317,358.291
3.67241,0.706897,1,0.297442,0,412.535,574.198,353.317,358.17
3.67241,0.734483,1,0.326888,0,412.535,574.198,353.317,358.055
3.67241,0.762069,1,0.351471,0,412.535,574.198,353.317,357.972
3.67241,0.789655,1,0.377683,0,412.535,574.198,353.317,357.867
3.67241,0.817241,1,0.402299,0,412.535,574.198,353.317,357.768
3.67241,0.844828,1,0.425483,0,412.535,574.198,353.317,357.674
3.67241,0.872414,1,0.447344,0,412.535,574.198,353.317,357.584
3.67241,0.9,1,0.467986,0,412.535,574.198,353.318,357.498
3.82759,0.1,0.29011,2.39E-10,0,412.535,574.198,384.509,411.848
3.82759,0.127586,0.355412,3.47E-10,0,412.535,574.198,380.128,411.845
3.82759,0.155172,0.425464,5.50E-10,0,412.535,574.198,375.927,411.841
3.82759,0.182759,0.47897,6.74E-10,0,412.535,574.198,373.018,411.838
3.82759,0.210345,0.540995,9.83E-10,0,412.535,574.198,369.921,411.833
3.82759,0.237931,0.586646,1.07E-09,0,412.535,574.198,367.81,411.83
3.82759,0.265517,0.64293,1.48E-09,0,412.535,574.198,365.382,411.825
3.82759,0.293103,0.683748,1.48E-09,0,412.535,574.198,363.724,411.822
3.82759,0.32069,0.736587,1.98E-09,0,412.535,574.198,361.707,411.816
3.82759,0.348276,0.775064,1.86E-09,0,412.535,574.198,360.311,411.813
3.82759,0.375862,0.825505,2.42E-09,0,412.535,574.198,358.57,411.806
3.82759,0.403448,0.875725,3.16E-09,0,412.535,574.198,356.93,411.798
3.82759,0.431034,0.913241,2.83E-09,0,412.535,574.198,355.76,411.793
3.82759,0.458621,0.963477,3.69E-09,0,412.535,574.198,354.258,411.782
3.82759,0.486207,0.963477,3.69E-09,0,412.535,574.198,354.258,411.782
3.82759,0.513793,1,0.0301796,0,412.535,574.198,353.317,358.989
3.82759,0.541379,1,0.0774838,0,412.535,574.198,353.317,358.829
3.82759,0.568966,1,0.12142,0,412.535,574.198,353.317,358.675
3.82759,0.596552,1,0.162367,0,412.535,574.198,353.317,358.532
3.82759,0.624138,1,0.195701,0,412.535,574.198,353.317,358.434
3.82759,0.651724,1,0.23158,0,412.535,574.198,353.317,358.306
3.82759,0.67931,1,0.265178,0,412.535,574.198,353.317,358.186
3.82759,0.706897,1,0.296632,0,412.535,574.198,353.317,358.07
3.82759,0.734483,1,0.326096,0,412.535,574.198,353.317,357.96
3.82759,0.762069,1,0.350404,0,412.535,574.198,353.317,357.884
3.82759,0.789655,1,0.37671,0,412.535,574.198,353.317,357.784
3.82759,0.817241,1,0.401406,0,412.535,574.198,353.317,357.689
3.82759,0.844828,1,0.424663,0,412.535,574.198,353.317,357.598
3.82759,0.872414,1,0.446594,0,412.535,574.198,353.317,357.512
3.82759,0.9,1,0.464654,0,412.535,574.198,353.317,357.454
3.98276,0.1,0.291598,2.21E-10,0,412.535,574.198,384.403,411.849
3.98276,0.127586,0.357208,3.21E-10,0,412.535,574.198,380.014,411.846
3.98276,0.155172,0.427832,5.07E-10,0,412.535,574.198,375.793,411.841
3.98276,0.182759,0.481371,6.21E-10,0,412.535,574.198,372.892,411.839
3.98276,0.210345,0.543812,9.04E-10,0,412.535,574.198,369.787,411.834
3.98276,0.237931,0.589271,9.85E-10,0,412.535,574.198,367.693,411.831
3.98276,0.265517,0.645753,1.36E-09,0,412.535,574.198,365.262,411.826
3.98276,0.293103,0.686511,1.36E-09,0,412.535,574.198,363.62,411.824
3.98276,0.32069,0.739203,1.81E-09,0,412.535,574.198,361.608,411.818
3.98276,0.348276,0.777215,1.70E-09,0,412.535,574.198,360.233,411.815
3.98276,0.375862,0.827966,2.21E-09,0,412.535,574.198,358.489,411.808
3.98276,0.403448,0.878216,2.88E-09,0,412.535,574.198,356.852,411.801
3.98276,0.431034,0.914933,2.57E-09,0,412.535,574.198,355.708,411.796
3.98276,0.458621,0.965301,3.35E-09,0,412.535,574.198,354.206,411.786
3.98276,0.486207,0.965301,3.35E-09,0,412.535,574.198,354.206,411.786
3.98276,0.513793,1,0.0292671,0,412.535,574.198,353.317,358.848
3.98276,0.541379,1,0.0764864,0,412.535,574.198,353.317,358.693
3.98276,0.568966,1,0.120796,0,412.535,574.198,353.317,358.55
3.98276,0.596552,1,0.161634,0,412.535,574.198,353.317,358.413
3.98276,0.624138,1,0.194464,0,412.535,574.198,353.317,358.323
3.98276,0.651724,1,0.230566,0,412.535,574.198,353.317,358.199
3.98276,0.67931,1,0.264105,0,412.535,574.198,353.317,358.085
3.98276,0.706897,1,0.295794,0,412.535,574.198,353.317,357.974
3.98276,0.734483,1,0.325279,0,412.535,574.198,353.317,357.869
3.98276,0.762069,1,0.349298,0,412.535,574.198,353.317,357.8
3.98276,0.789655,1,0.375694,0,412.535,574.198,353.317,357.704
3.98276,0.817241,1,0.400475,0,412.535,574.198,353.317,357.613
3.98276,0.844828,1,0.423811,0,412.535,574.198,353.317,357.526
3.98276,0.872414,1,0.445812,0,412.535,574.198,353.317,357.444
3.98276,0.9,1,0.463696,0,412.535,574.198,353.317,357.39
4.13793,0.1,0.293072,2.05E-10,0,412.535,574.198,384.298,411.849
4.13793,0.127586,0.358991,2.97E-10,0,412.535,574.198,379.901,411.846
4.13793,0.155172,0.430188,4.70E-10,0,412.535,574.198,375.661,411.842
4.13793,0.182759,0.483764,5.74E-10,0,412.535,574.198,372.768,411.84
4.13793,0.210345,0.546624,8.35E-10,0,412.535,574.198,369.653,411.835
4.13793,0.237931,0.591889,9.09E-10,0,412.535,574.198,367.576,411.833
4.13793,0.265517,0.648734,1.25E-09,0,412.535,574.198,365.141,411.828
4.13793,0.293103,0.689067,1.25E-09,0,412.535,574.198,363.521,411.825
4.13793,0.32069,0.741982,1.66E-09,0,412.535,574.198,361.507,411.82
4.13793,0.348276,0.793735,2.20E-09,0,412.535,574.198,359.654,411.814
4.13793,0.375862,0.830263,2.02E-09,0,412.535,574.198,358.412,411.811
4.13793,0.403448,0.880436,2.63E-09,0,412.535,574.198,356.781,411.804
4.13793,0.431034,0.91682,2.34E-09,0,412.535,574.198,355.652,411.799
4.13793,0.458621,0.966913,3.05E-09,0,412.535,574.198,354.158,411.79
4.13793,0.486207,0.966913,3.05E-09,0,412.535,574.198,354.158,411.79
4.13793,0.513793,1,0.0279926,0,412.535,574.198,353.317,358.717
4.13793,0.541379,1,0.0756032,0,412.535,574.198,353.317,358.567
4.13793,0.568966,1,0.119949,0,412.535,574.198,353.317,358.43
4.13793,0.596552,1,0.160944,0,412.535,574.198,353.317,358.298
4.13793,0.624138,1,0.193282,0,412.535,574.198,353.317,358.217
4.13793,0.651724,1,0.229458,0,412.535,574.198,353.317,358.1
4.13793,0.67931,1,0.263124,0,412.535,574.198,353.317,357.989
4.13793,0.706897,1,0.294762,0,412.535,574.198,353.317,357.882
4.13793,0.734483,1,0.32003,0,412.535,574.198,353.317,357.816
4.13793,0.762069,1,0.348158,0,412.535,574.198,353.317,357.719
4.13793,0.789655,1,0.374638,0,412.535,574.198,353.317,357.627
4.13793,0.817241,1,0.399508,0,412.535,574.198,353.317,357.54
4.13793,0.844828,1,0.422926,0,412.535,574.198,353.317,357.457
4.13793,0.872414,1,0.441614,0,412.535,574.198,353.317,357.406
4.13793,0.9,1,0.462705,0,412.535,574.198,353.317,357.329
4.2931,0.1,0.29453,1.91E-10,0,412.535,574.198,384.196,411.85
4.2931,0.127586,0.36075,2.77E-10,0,412.535,574.198,379.79,411.847
4.2931,0.155172,0.432533,4.36E-10,0,412.535,574.198,375.53,411.843
4.2931,0.182759,0.486148,5.33E-10,0,412.535,574.198,372.644,411.84
4.2931,0.210345,0.549429,7.74E-10,0,412.535,574.198,369.521,411.836
4.2931,0.237931,0.5945,8.41E-10,0,412.535,574.198,367.459,411.834
4.2931,0.265517,0.651599,1.16E-09,0,412.535,574.198,365.022,411.829
4.2931,0.293103,0.691547,1.15E-09,0,412.535,574.198,363.422,411.827
4.2931,0.32069,0.744529,1.53E-09,0,412.535,574.198,361.41,411.822
4.2931,0.348276,0.796677,2.02E-09,0,412.535,574.198,359.555,411.816
4.2931,0.375862,0.832738,1.86E-09,0,412.535,574.198,358.332,411.813
4.2931,0.403448,0.882866,2.41E-09,0,412.535,574.198,356.705,411.806
4.2931,0.431034,0.918395,2.15E-09,0,412.535,574.198,355.602,411.802
4.2931,0.458621,0.968752,2.78E-09,0,412.535,574.198,354.105,411.793
4.2931,0.486207,0.968752,2.78E-09,0,412.535,574.198,354.105,411.793
4.2931,0.513793,1,0.0270717,0,412.535,574.198,353.317,358.591
4.2931,0.541379,1,0.0747249,0,412.535,574.198,353.317,358.447
4.2931,0.568966,1,0.119174,0,412.535,574.198,353.317,358.314
4.2931,0.596552,1,0.153138,0,412.535,574.198,353.317,358.238
4.2931,0.624138,1,0.19215,0,412.535,574.198,353.317,358.117
4.2931,0.651724,1,0.228379,0,412.535,574.198,353.317,358.004
4.2931,0.67931,1,0.262122,0,412.535,574.198,353.317,357.897
4.2931,0.706897,1,0.293819,0,412.535,574.198,353.317,357.795
4.2931,0.734483,1,0.318709,0,412.535,574.198,353.317,357.735
4.2931,0.762069,1,0.346992,0,412.535,574.198,353.317,357.642
4.2931,0.789655,1,0.373546,0,412.535,574.198,353.317,357.553
4.2931,0.817241,1,0.398507,0,412.535,574.198,353.317,357.469
4.2931,0.844828,1,0.422011,0,412.535,574.198,353.317,357.39
4.2931,0.872414,1,0.440502,0,412.535,574.198,353.317,357.344
4.2931,0.9,1,0.461683,0,412.535,574.198,353.317,357.27
4.44828,0.1,0.295972,1.79E-10,0,412.535,574.198,384.094,411.85
4.44828,0.127586,0.362505,2.58E-10,0,412.535,574.198,379.681,411.848
4.44828,0.155172,0.434865,4.07E-10,0,412.535,574.198,375.399,411.843
4.44828,0.182759,0.488522,4.96E-10,0,412.535,574.198,372.522,411.841
4.44828,0.210345,0.552225,7.19E-10,0,412.535,574.198,369.389,411.837
4.44828,0.237931,0.597106,7.81E-10,0,412.535,574.198,367.343,411.835
4.44828,0.265517,0.6545,1.07E-09,0,412.535,574.198,364.901,411.83
4.44828,0.293103,0.693992,1.07E-09,0,412.535,574.198,363.323,411.828
4.44828,0.32069,0.747224,1.42E-09,0,412.535,574.198,361.309,411.823
4.44828,0.348276,0.799373,1.87E-09,0,412.535,574.198,359.458,411.818
4.44828,0.375862,0.834863,1.72E-09,0,412.535,574.198,358.257,411.815
4.44828,0.403448,0.885414,2.22E-09,0,412.535,574.198,356.625,411.808
4.44828,0.431034,0.935252,2.91E-09,0,412.535,574.198,355.093,411.801
4.44828,0.458621,0.970396,2.56E-09,0,412.535,574.198,354.056,411.796
4.44828,0.486207,0.970396,2.56E-09,0,412.535,574.198,354.056,411.796
4.44828,0.513793,1,0.025981,0,412.535,574.198,353.317,358.469
4.44828,0.541379,1,0.0737723,0,412.535,574.198,353.317,358.332
4.44828,0.568966,1,0.11828,0,412.535,574.198,353.317,358.205
4.44828,0.596552,1,0.151764,0,412.535,574.198,353.317,358.137
4.44828,0.624138,1,0.190746,0,412.535,574.198,353.317,358.021
4.44828,0.651724,1,0.22691,0,412.535,574.198,353.317,357.913
4.44828,0.67931,1,0.261087,0,412.535,574.198,353.317,357.809
4.44828,0.706897,1,0.28713,0,412.535,574.198,353.317,357.752
4.44828,0.734483,1,0.31739,0,412.535,574.198,353.317,357.657
4.44828,0.762069,1,0.345767,0,412.535,574.198,353.317,357.567
4.44828,0.789655,1,0.372421,0,412.535,574.198,353.317,357.482
4.44828,0.817241,1,0.397486,0,412.535,574.198,353.317,357.402
4.44828,0.844828,1,0.421068,0,412.535,574.198,353.317,357.325
4.44828,0.872414,1,0.439359,0,412.535,574.198,353.317,357.285
4.44828,0.9,1,0.460634,0,412.535,574.198,353.317,357.213
4.60345,0.1,0.297399,1.68E-10,0,412.535,574.198,383.994,411.851
4.60345,0.127586,0.364246,2.42E-10,0,412.535,574.198,379.572,411.848
4.60345,0.155172,0.437183,3.80E-10,0,412.535,574.198,375.27,411.844
4.60345,0.182759,0.490885,4.63E-10,0,412.535,574.198,372.4,411.842
4.60345,0.210345,0.555017,6.70E-10,0,412.535,574.198,369.259,411.838
4.60345,0.237931,0.599735,7.27E-10,0,412.535,574.198,367.229,411.836
4.60345,0.265517,0.657462,9.97E-10,0,412.535,574.198,364.782,411.831
4.60345,0.293103,0.71302,1.36E-09,0,412.535,574.198,362.589,411.826
4.60345,0.32069,0.750023,1.31E-09,0,412.535,574.198,361.209,411.825
4.60345,0.348276,0.802398,1.73E-09,0,412.535,574.198,359.356,411.819
4.60345,0.375862,0.837405,1.59E-09,0,412.535,574.198,358.176,411.817
4.60345,0.403448,0.88767,2.05E-09,0,412.535,574.198,356.553,411.811
4.60345,0.431034,0.937853,2.68E-09,0,412.535,574.198,355.017,411.803
4.60345,0.458621,0.972177,2.35E-09,0,412.535,574.198,354.005,411.799
4.60345,0.486207,0.972177,2.35E-09,0,412.535,574.198,354.005,411.799
4.60345,0.513793,1,0.0248583,0,412.535,574.198,353.317,358.354
4.60345,0.541379,1,0.0727898,0,412.535,574.198,353.317,358.223
4.60345,0.568966,1,0.117391,0,412.535,574.198,353.317,358.099
4.60345,0.596552,1,0.150236,0,412.535,574.198,353.317,358.04
4.60345,0.624138,1,0.189468,0,412.535,574.198,353.317,357.928
4.60345,0.651724,1,0.225726,0,412.535,574.198,353.317,357.825
4.60345,0.67931,1,0.259848,0,412.535,574.198,353.317,357.725
4.60345,0.706897,1,0.285669,0,412.535,574.198,353.317,357.674
4.60345,0.734483,1,0.316043,0,412.535,574.198,353.317,357.583
4.60345,0.762069,1,0.344512,0,412.535,574.198,353.317,357.496
4.60345,0.789655,1,0.371266,0,412.535,574.198,353.317,357.414
4.60345,0.817241,1,0.396429,0,412.535,574.198,353.317,357.337
4.60345,0.844828,1,0.415537,0,412.535,574.198,353.317,357.299
4.60345,0.872414,1,0.438188,0,412.535,574.198,353.317,357.227
4.60345,0.9,1,0.459558,0,412.535,574.198,353.317,357.159
4.75862,0.1,0.298811,1.58E-10,0,412.535,574.198,383.895,411.851
4.75862,0.127586,0.365972,2.27E-10,0,412.535,574.198,379.464,411.849
4.75862,0.155172,0.439488,3.56E-10,0,412.535,574.198,375.141,411.845
4.75862,0.182759,0.493237,4.33E-10,0,412.535,574.198,372.279,411.842
4.75862,0.210345,0.557798,6.27E-10,0,412.535,574.198,369.129,411.838
4.75862,0.237931,0.602335,6.79E-10,0,412.535,574.198,367.114,411.837
4.75862,0.265517,0.660333,9.30E-10,0,412.535,574.198,364.664,411.832
4.75862,0.293103,0.716291,1.26E-09,0,412.535,574.198,362.468,411.828
4.75862,0.32069,0.752878,1.22E-09,0,412.535,574.198,361.106,411.826
4.75862,0.348276,0.805354,1.61E-09,0,412.535,574.198,359.257,411.821
4.75862,0.375862,0.839626,1.47E-09,0,412.535,574.198,358.101,411.819
4.75862,0.403448,0.890227,1.90E-09,0,412.535,574.198,356.474,411.813
4.75862,0.431034,0.940178,2.48E-09,0,412.535,574.198,354.946,411.806
4.75862,0.458621,0.973958,2.17E-09,0,412.535,574.198,353.954,411.802
4.75862,0.486207,0.973958,2.17E-09,0,412.535,574.198,353.954,411.802
4.75862,0.513793,1,0.0237249,0,412.535,574.198,353.317,358.244
4.75862,0.541379,1,0.0718742,0,412.535,574.198,353.317,358.119
4.75862,0.568966,1,0.116365,0,412.535,574.198,353.317,357.999
4.75862,0.596552,1,0.14875,0,412.535,574.198,353.317,357.947
4.75862,0.624138,1,0.188029,0,412.535,574.198,353.317,357.84
4.75862,0.651724,1,0.224511,0,412.535,574.198,353.317,357.74
4.75862,0.67931,1,0.258727,0,412.535,574.198,353.317,357.644
4.75862,0.706897,1,0.28418,0,412.535,574.198,353.317,357.599
4.75862,0.734483,1,0.314669,0,412.535,574.198,353.317,357.511
4.75862,0.762069,1,0.34323,0,412.535,574.198,353.317,357.428
4.75862,0.789655,1,0.370084,0,412.535,574.198,353.317,357.349
4.75862,0.817241,1,0.395346,0,412.535,574.198,353.317,357.274
4.75862,0.844828,1,0.414235,0,412.535,574.198,353.317,357.241
4.75862,0.872414,1,0.436992,0,412.535,574.198,353.317,357.172
4.75862,0.9,1,0.458459,0,412.535,574.198,353.317,357.106
4.91379,0.1,0.300207,1.48E-10,0,412.535,574.198,383.797,411.851
4.91379,0.127586,0.381313,2.52E-10,0,412.535,574.198,378.519,411.847
4.91379,0.155172,0.441779,3.34E-10,0,412.535,574.198,375.014,411.845
4.91379,0.182759,0.495577,4.07E-10,0,412.535,574.198,372.161,411.843
4.91379,0.210345,0.560569,5.87E-10,0,412.535,574.198,368.999,411.839
4.91379,0.237931,0.604927,6.36E-10,0,412.535,574.198,367,411.837
4.91379,0.265517,0.663202,8.70E-10,0,412.535,574.198,364.547,411.833
4.91379,0.293103,0.71934,1.18E-09,0,412.535,574.198,362.349,411.829
4.91379,0.32069,0.755697,1.14E-09,0,412.535,574.198,361.006,411.827
4.91379,0.348276,0.807979,1.50E-09,0,412.535,574.198,359.162,411.822
4.91379,0.375862,0.841944,1.37E-09,0,412.535,574.198,358.022,411.82
4.91379,0.403448,0.89262,1.77E-09,0,412.535,574.198,356.398,411.814
4.91379,0.431034,0.942617,2.30E-09,0,412.535,574.198,354.873,411.808
4.91379,0.458621,0.975831,2.01E-09,0,412.535,574.198,353.9,411.804
4.91379,0.486207,0.975831,2.01E-09,0,412.535,574.198,353.9,411.804
4.91379,0.513793,1,0.0225683,0,412.535,574.198,353.317,358.139
4.91379,0.541379,1,0.0708537,0,412.535,574.198,353.317,358.019
4.91379,0.568966,1,0.104637,0,412.535,574.198,353.317,357.969
4.91379,0.596552,1,0.14715,0,412.535,574.198,353.317,357.859
4.91379,0.624138,1,0.18664,0,412.535,574.198,353.317,357.755
4.91379,0.651724,1,0.223131,0,412.535,574.198,353.317,357.659
4.91379,0.67931,1,0.257575,0,412.535,574.198,353.317,357.566
4.91379,0.706897,1,0.282661,0,412.535,574.198,353.317,357.527
4.91379,0.734483,1,0.313201,0,412.535,574.198,353.317,357.442
4.91379,0.762069,1,0.341925,0,412.535,574.198,353.317,357.362
4.91379,0.789655,1,0.368894,0,412.535,574.198,353.317,357.286
4.91379,0.817241,1,0.394238,0,412.535,574.198,353.317,357.214
4.91379,0.844828,1,0.412905,0,412.535,574.198,353.317,357.185
4.91379,0.872414,1,0.435771,0,412.535,574.198,353.317,357.118
4.91379,0.9,1,0.457338,0,412.535,574.198,353.317,357.055
5.06897,0.1,0.301588,1.40E-10,0,412.535,574.198,383.701,411.852
5.06897,0.127586,0.383369,2.37E-10,0,412.535,574.198,378.394,411.848
5.06897,0.155172,0.444055,3.15E-10,0,412.535,574.198,374.889,411.846
5.06897,0.182759,0.497904,3.82E-10,0,412.535,574.198,372.042,411.844
5.06897,0.210345,0.563328,5.52E-10,0,412.535,574.198,368.871,411.84
5.06897,0.237931,0.607513,5.97E-10,0,412.535,574.198,366.887,411.838
5.06897,0.265517,0.666078,8.16E-10,0,412.535,574.198,364.43,411.834
5.06897,0.293103,0.722407,1.11E-09,0,412.535,574.198,362.231,411.83
5.06897,0.32069,0.758235,1.07E-09,0,412.535,574.198,360.911,411.828
5.06897,0.348276,0.810931,1.40E-09,0,412.535,574.198,359.062,411.823
5.06897,0.375862,0.844525,1.28E-09,0,412.535,574.198,357.942,411.822
5.06897,0.403448,0.895015,1.65E-09,0,412.535,574.198,356.324,411.816
5.06897,0.431034,0.945222,2.15E-09,0,412.535,574.198,354.796,411.81
5.06897,0.458621,0.977572,1.87E-09,0,412.535,574.198,353.849,411.807
5.06897,0.486207,0.977572,1.87E-09,0,412.535,574.198,353.849,411.807
5.06897,0.513793,1,0.0213905,0,412.535,574.198,353.317,358.039
5.06897,0.541379,1,0.0697828,0,412.535,574.198,353.317,357.922
5.06897,0.568966,1,0.102884,0,412.535,574.198,353.317,357.881
5.06897,0.596552,1,0.145389,0,412.535,574.198,353.317,357.773
5.06897,0.624138,1,0.185117,0,412.535,574.198,353.317,357.675
5.06897,0.651724,1,0.221837,0,412.535,574.198,353.317,357.581
5.06897,0.67931,1,0.248226,0,412.535,574.198,353.317,357.545
5.06897,0.706897,1,0.281002,0,412.535,574.198,353.317,357.458
5.06897,0.734483,1,0.311751,0,412.535,574.198,353.317,357.376
5.06897,0.762069,1,0.340583,0,412.535,574.198,353.317,357.298
5.06897,0.789655,1,0.367661,0,412.535,574.198,353.317,357.225
5.06897,0.817241,1,0.387163,0,412.535,574.198,353.317,357.199
5.06897,0.844828,1,0.411556,0,412.535,574.198,353.317,357.131
5.06897,0.872414,1,0.434529,0,412.535,574.198,353.317,357.066
5.06897,0.9,1,0.456196,0,412.535,574.198,353.317,357.005
5.22414,0.1,0.302954,1.32E-10,0,412.535,574.198,383.608,411.852
5.22414,0.127586,0.385422,2.24E-10,0,412.535,574.198,378.27,411.848
5.22414,0.155172,0.446316,2.97E-10,0,412.535,574.198,374.765,411.846
5.22414,0.182759,0.500219,3.60E-10,0,412.535,574.198,371.925,411.844
5.22414,0.210345,0.566077,5.19E-10,0,412.535,574.198,368.744,411.84
5.22414,0.237931,0.628893,7.38E-10,0,412.535,574.198,365.969,411.836
5.22414,0.265517,0.668994,7.67E-10,0,412.535,574.198,364.314,411.835
5.22414,0.293103,0.725631,1.04E-09,0,412.535,574.198,362.113,411.831
5.22414,0.32069,0.761085,1.00E-09,0,412.535,574.198,360.811,411.829
5.22414,0.348276,0.813803,1.31E-09,0,412.535,574.198,358.963,411.825
5.22414,0.375862,0.846687,1.20E-09,0,412.535,574.198,357.868,411.823
5.22414,0.403448,0.897511,1.54E-09,0,412.535,574.198,356.245,411.818
5.22414,0.431034,0.947599,2.00E-09,0,412.535,574.198,354.725,411.812
5.22414,0.458621,0.979444,1.74E-09,0,412.535,574.198,353.796,411.809
5.22414,0.486207,0.979444,1.74E-09,0,412.535,574.198,353.796,411.809
5.22414,0.513793,1,0.0201921,0,412.535,574.198,353.317,357.944
5.22414,0.541379,1,0.068677,0,412.535,574.198,353.317,357.831
5.22414,0.568966,1,0.101089,0,412.535,574.198,353.317,357.797
5.22414,0.596552,1,0.143793,0,412.535,574.198,353.317,357.693
5.22414,0.624138,1,0.183651,0,412.535,574.198,353.317,357.596
5.22414,0.651724,1,0.220506,0,412.535,574.198,353.317,357.506
5.22414,0.67931,1,0.246396,0,412.535,574.198,353.317,357.476
5.22414,0.706897,1,0.279406,0,412.535,574.198,353.317,357.392
5.22414,0.734483,1,0.310281,0,412.535,574.198,353.317,357.312
5.22414,0.762069,1,0.339218,0,412.535,574.198,353.317,357.237
5.22414,0.789655,1,0.366406,0,412.535,574.198,353.317,357.167
5.22414,0.817241,1,0.385665,0,412.535,574.198,353.317,357.144
5.22414,0.844828,1,0.410182,0,412.535,574.198,353.317,357.079
5.22414,0.872414,1,0.433266,0,412.535,574.198,353.317,357.016
5.22414,0.9,1,0.454973,0,412.535,574.198,353.317,356.958
5.37931,0.1,0.304305,1.26E-10,0,412.535,574.198,383.514,411.852
5.37931,0.127586,0.387459,2.12E-10,0,412.535,574.198,378.147,411.849
5.37931,0.155172,0.448562,2.81E-10,0,412.535,574.198,374.642,411.847
5.37931,0.182759,0.50252,3.40E-10,0,412.535,574.198,371.809,411.845
5.37931,0.210345,0.568813,4.90E-10,0,412.535,574.198,368.618,411.841
5.37931,0.237931,0.632013,6.95E-10,0,412.535,574.198,365.837,411.837
5.37931,0.265517,0.671856,7.22E-10,0,412.535,574.198,364.198,411.836
5.37931,0.293103,0.728715,9.77E-10,0,412.535,574.198,361.995,411.832
5.37931,0.32069,0.763714,9.41E-10,0,412.535,574.198,360.714,411.83
5.37931,0.348276,0.816946,1.23E-09,0,412.535,574.198,358.862,411.826
5.37931,0.375862,0.849088,1.12E-09,0,412.535,574.198,357.79,411.824
5.37931,0.403448,0.900006,1.45E-09,0,412.535,574.198,356.169,411.819
5.37931,0.431034,0.95017,1.87E-09,0,412.535,574.198,354.65,411.813
5.37931,0.458621,0.981185,1.63E-09,0,412.535,574.198,353.745,411.811
5.37931,0.486207,0.981185,1.63E-09,0,412.535,574.198,353.745,411.811
5.37931,0.513793,1,0.0189688,0,412.535,574.198,353.317,357.852
5.37931,0.541379,1,0.067572,0,412.535,574.198,353.317,357.743
5.37931,0.568966,1,0.099383,0,412.535,574.198,353.317,357.717
5.37931,0.596552,1,0.142152,0,412.535,574.198,353.317,357.615
5.37931,0.624138,1,0.182134,0,412.535,574.198,353.317,357.521
5.37931,0.651724,1,0.219071,0,412.535,574.198,353.317,357.435
5.37931,0.67931,1,0.244631,0,412.535,574.198,353.317,357.409
5.37931,0.706897,1,0.277785,0,412.535,574.198,353.317,357.328
5.37931,0.734483,1,0.308788,0,412.535,574.198,353.317,357.251
5.37931,0.762069,1,0.337834,0,412.535,574.198,353.317,357.178
5.37931,0.789655,1,0.365132,0,412.535,574.198,353.317,357.11
5.37931,0.817241,1,0.384146,0,412.535,574.198,353.317,357.092
5.37931,0.844828,1,0.408786,0,412.535,574.198,353.317,357.028
5.37931,0.872414,1,0.431984,0,412.535,574.198,353.317,356.968
5.37931,0.9,1,0.453795,0,412.535,574.198,353.317,356.911
5.53448,0.1,0.30564,1.19E-10,0,412.535,574.198,383.422,411.853
5.53448,0.127586,0.38948,2.01E-10,0,412.535,574.198,378.025,411.849
5.53448,0.155172,0.450793,2.66E-10,0,412.535,574.198,374.52,411.847
5.53448,0.182759,0.523502,4.03E-10,0,412.535,574.198,370.766,411.843
5.53448,0.210345,0.571539,4.63E-10,0,412.535,574.198,368.493,411.842
5.53448,0.237931,0.635127,6.57E-10,0,412.535,574.198,365.706,411.838
5.53448,0.265517,0.67472,6.81E-10,0,412.535,574.198,364.083,411.836
5.53448,0.293103,0.731835,9.22E-10,0,412.535,574.198,361.878,411.833
5.53448,0.32069,0.766522,8.86E-10,0,412.535,574.198,360.615,411.831
5.53448,0.348276,0.819784,1.16E-09,0,412.535,574.198,358.765,411.827
5.53448,0.375862,0.871505,1.52E-09,0,412.535,574.198,357.065,411.822
5.53448,0.403448,0.902319,1.36E-09,0,412.535,574.198,356.096,411.821
5.53448,0.431034,0.952564,1.76E-09,0,412.535,574.198,354.578,411.815
5.53448,0.458621,0.98311,1.53E-09,0,412.535,574.198,353.69,411.812
5.53448,0.486207,0.98311,1.53E-09,0,412.535,574.198,353.69,411.812
5.53448,0.513793,1,0.0177291,0,412.535,574.198,353.317,357.764
5.53448,0.541379,1,0.0510532,0,412.535,574.198,353.317,357.742
5.53448,0.568966,1,0.0975511,0,412.535,574.198,353.317,357.639
5.53448,0.596552,1,0.140395,0,412.535,574.198,353.317,357.541
5.53448,0.624138,1,0.180187,0,412.535,574.198,353.317,357.451
5.53448,0.651724,1,0.217685,0,412.535,574.198,353.317,357.366
5.53448,0.67931,1,0.242831,0,412.535,574.198,353.317,357.345
5.53448,0.706897,1,0.276065,0,412.535,574.198,353.317,357.266
5.53448,0.734483,1,0.30722,0,412.535,574.198,353.317,357.192
5.53448,0.762069,1,0.336433,0,412.535,574.198,353.317,357.121
5.53448,0.789655,1,0.363841,0,412.535,574.198,353.317,357.055
5.53448,0.817241,1,0.382617,0,412.535,574.198,353.317,357.041
5.53448,0.844828,1,0.407372,0,412.535,574.198,353.317,356.979
5.53448,0.872414,1,0.430604,0,412.535,574.198,353.317,356.922
5.53448,0.9,1,0.452602,0,412.535,574.198,353.317,356.866
5.68966,0.1,0.30696,1.13E-10,0,412.535,574.198,383.331,411.853
5.68966,0.127586,0.391488,1.91E-10,0,412.535,574.198,377.905,411.849
5.68966,0.155172,0.452994,2.52E-10,0,412.535,574.198,374.401,411.847
5.68966,0.182759,0.526267,3.82E-10,0,412.535,574.198,370.631,411.844
5.68966,0.210345,0.574254,4.39E-10,0,412.535,574.198,368.37,411.842
5.68966,0.237931,0.638235,6.22E-10,0,412.535,574.198,365.575,411.838
5.68966,0.265517,0.677587,6.44E-10,0,412.535,574.198,363.969,411.837
5.68966,0.293103,0.735195,8.70E-10,0,412.535,574.198,361.758,411.833
5.68966,0.32069,0.769184,8.36E-10,0,412.535,574.198,360.518,411.832
5.68966,0.348276,0.822518,1.09E-09,0,412.535,574.198,358.672,411.828
5.68966,0.375862,0.874619,1.43E-09,0,412.535,574.198,356.967,411.823
5.68966,0.403448,0.905066,1.28E-09,0,412.535,574.198,356.013,411.822
5.68966,0.431034,0.95517,1.65E-09,0,412.535,574.198,354.502,411.816
5.68966,0.458621,0.95517,1.65E-09,0,412.535,574.198,354.502,411.816
5.68966,0.486207,0.95517,1.65E-09,0,412.535,574.198,354.502,411.816
5.68966,0.513793,1,0.016474,0,412.535,574.198,353.317,357.68
5.68966,0.541379,1,0.0490066,0,412.535,574.198,353.317,357.664
5.68966,0.568966,1,0.0956577,0,412.535,574.198,353.317,357.564
5.68966,0.596552,1,0.13872,0,412.535,574.198,353.317,357.469
5.68966,0.624138,1,0.178546,0,412.535,574.198,353.317,357.382
5.68966,0.651724,1,0.205135,0,412.535,574.198,353.317,357.365
5.68966,0.67931,1,0.240938,0,412.535,574.198,353.317,357.283
5.68966,0.706897,1,0.274388,0,412.535,574.198,353.317,357.207
5.68966,0.734483,1,0.305676,0,412.535,574.198,353.317,357.135
5.68966,0.762069,1,0.335016,0,412.535,574.198,353.317,357.067
5.68966,0.789655,1,0.354602,0,412.535,574.198,353.317,357.055
5.68966,0.817241,1,0.381059,0,412.535,574.198,353.317,356.992
5.68966,0.844828,1,0.40594,0,412.535,574.198,353.317,356.932
5.68966,0.872414,1,0.429289,0,412.535,574.198,353.317,356.876
5.68966,0.9,1,0.451395,0,412.535,574.198,353.317,356.823
5.84483,0.1,0.308266,1.08E-10,0,412.535,574.198,383.241,411.853
5.84483,0.127586,0.393476,1.81E-10,0,412.535,574.198,377.786,411.85
5.84483,0.155172,0.455194,2.40E-10,0,412.535,574.198,374.281,411.848
5.84483,0.182759,0.529016,3.63E-10,0,412.535,574.198,370.497,411.844
5.84483,0.210345,0.576953,4.16E-10,0,412.535,574.198,368.247,411.843
5.84483,0.237931,0.641322,5.89E-10,0,412.535,574.198,365.447,411.839
5.84483,0.265517,0.680454,6.10E-10,0,412.535,574.198,363.855,411.838
5.84483,0.293103,0.738099,8.24E-10,0,412.535,574.198,361.648,411.834
5.84483,0.32069,0.771881,7.91E-10,0,412.535,574.198,360.42,411.833
5.84483,0.348276,0.825437,1.03E-09,0,412.535,574.198,358.574,411.829
5.84483,0.375862,0.877637,1.35E-09,0,412.535,574.198,356.871,411.824
5.84483,0.403448,0.907481,1.21E-09,0,412.535,574.198,355.938,411.823
5.84483,0.431034,0.957532,1.56E-09,0,412.535,574.198,354.432,411.818
5.84483,0.458621,0.957532,1.56E-09,0,412.535,574.198,354.432,411.818
5.84483,0.486207,0.957532,1.56E-09,0,412.535,574.198,354.432,411.818
5.84483,0.513793,1,0.0152047,0,412.535,574.198,353.317,357.599
5.84483,0.541379,1,0.0470664,0,412.535,574.198,353.317,357.591
5.84483,0.568966,1,0.0937051,0,412.535,574.198,353.317,357.492
5.84483,0.596552,1,0.136954,0,412.535,574.198,353.317,357.4
5.84483,0.624138,1,0.177055,0,412.535,574.198,353.317,357.316
5.84483,0.651724,1,0.202934,0,412.535,574.198,353.317,357.302
5.84483,0.67931,1,0.239085,0,412.535,574.198,353.317,357.224
5.84483,0.706897,1,0.27269,0,412.535,574.198,353.317,357.149
5.84483,0.734483,1,0.304115,0,412.535,574.198,353.317,357.079
5.84483,0.762069,1,0.333562,0,412.535,574.198,353.317,357.014
5.84483,0.789655,1,0.352888,0,412.535,574.198,353.317,357.006
5.84483,0.817241,1,0.379483,0,412.535,574.198,353.317,356.944
5.84483,0.844828,1,0.404492,0,412.535,574.198,353.317,356.886
5.84483,0.872414,1,0.427959,0,412.535,574.198,353.317,356.832
5.84483,0.9,1,0.450174,0,412.535,574.198,353.317,356.78
6,0.1,0.309557,1.03E-10,0,412.535,574.198,383.152,411.853
6,0.127586,0.395447,1.73E-10,0,412.535,574.198,377.67,411.85
6,0.155172,0.457378,2.28E-10,0,412.535,574.198,374.163,411.848
6,0.182759,0.531751,3.45E-10,0,412.535,574.198,370.365,411.845
6,0.210345,0.579638,3.96E-10,0,412.535,574.198,368.125,411.843
6,0.237931,0.644401,5.59E-10,0,412.535,574.198,365.319,411.84
6,0.265517,0.683314,5.79E-10,0,412.535,574.198,363.742,411.838
6,0.293103,0.741365,7.81E-10,0,412.535,574.198,361.531,411.835
6,0.32069,0.774812,7.49E-10,0,412.535,574.198,360.32,411.834
6,0.348276,0.828218,9.79E-10,0,412.535,574.198,358.478,411.83
6,0.375862,0.880488,1.28E-09,0,412.535,574.198,356.78,411.825
6,0.403448,0.909798,1.14E-09,0,412.535,574.198,355.866,411.824
6,0.431034,0.960063,1.47E-09,0,412.535,574.198,354.358,411.819
6,0.458621,0.960063,1.47E-09,0,412.535,574.198,354.358,411.819
6,0.486207,0.960063,1.47E-09,0,412.535,574.198,354.358,411.819
6,0.513793,1,0.0139173,0,412.535,574.198,353.317,357.521
6,0.541379,1,0.0448819,0,412.535,574.198,353.317,357.518
6,0.568966,1,0.0917856,0,412.535,574.198,353.317,357.423
6,0.596552,1,0.135307,0,412.535,574.198,353.317,357.335
6,0.624138,1,0.175402,0,412.535,574.198,353.317,357.252
6,0.651724,1,0.200798,0,412.535,574.198,353.317,357.243
6,0.67931,1,0.237198,0,412.535,574.198,353.317,357.166
6,0.706897,1,0.270966,0,412.535,574.198,353.317,357.094
6,0.734483,1,0.302538,0,412.535,574.198,353.317,357.026
6,0.762069,1,0.332106,0,412.535,574.198,353.317,356.962
6,0.789655,1,0.351159,0,412.535,574.198,353.317,356.958
6,0.817241,1,0.377892,0,412.535,574.198,353.317,356.898
6,0.844828,1,0.40303,0,412.535,574.198,353.317,356.842
6,0.872414,1,0.426618,0,412.535,574.198,353.317,356.789
6,0.9,1,0.448942,0,412.535,574.198,353.317,356.739
