(Input Var1)DCOL-1 - Condenser_Specification_Value,Input Var2)DCOL-1 - Reboiler_Specification_Value,(Output Var1)Distillate - Molar Fraction (Liquid 1) / Benzene (),(Output Var2)Bottoms - Molar Fraction (Liquid 1) / Benzene (),(Output Var3)QC - Energy Flow (kW),(Output Var4)QR - Energy Flow (kW),Input Var3)Feed - Molar Fraction (Vapor) (),Input Var4)DCOL-1 - Stage_Temperature_1 (K),Input Var5)DCOL-1 - Stage_Temperature_20 (K)
1.5,3,0.71781,2.27E-09,412.535,574.198,0,362.41,411.774
1.5,3.13793,0.728728,2.61E-09,412.535,574.198,0,361.995,411.769
1.5,3.27586,0.740247,3.02E-09,412.535,574.198,0,361.567,411.763
1.5,3.41379,0.75239,3.49E-09,412.535,574.198,0,361.126,411.757
1.5,3.55172,0.764724,4.07E-09,412.535,574.198,0,360.677,411.751
1.5,3.68966,0.777729,4.75E-09,412.535,574.198,0,360.214,411.743
1.5,3.82759,0.777729,4.75E-09,412.535,574.198,0,360.214,411.743
1.5,3.96552,0.777729,4.75E-09,412.535,574.198,0,360.214,411.743
1.5,4.10345,0.777729,4.75E-09,412.535,574.198,0,360.214,411.743
1.5,4.24138,0.777729,4.75E-09,412.535,574.198,0,360.214,411.743
1.5,4.37931,0.777729,4.75E-09,412.535,574.198,0,360.214,411.743
1.5,4.51724,0.777729,4.75E-09,412.535,574.198,0,360.214,411.743
1.5,4.65517,0.777729,4.75E-09,412.535,574.198,0,360.214,411.743
1.5,4.7931,0.777729,4.75E-09,412.535,574.198,0,360.214,411.743
1.5,4.93103,0.777729,4.75E-09,412.535,574.198,0,360.214,411.743
1.5,5.06897,0.777729,4.75E-09,412.535,574.198,0,360.214,411.743
1.5,5.2069,0.777729,4.75E-09,412.535,574.198,0,360.214,411.743
1.5,5.34483,0.777729,4.75E-09,412.535,574.198,0,360.214,411.743
1.5,5.48276,1,0.0102642,413.863,575.832,0,353.317,362.822
1.5,5.62069,1,0.0345678,403.234,562.843,0,353.317,362.899
1.5,5.75862,1,0.0576987,392.605,550.08,0,353.317,362.981
1.5,5.89655,1,0.0796258,381.975,537.524,0,353.317,363.062
1.5,6.03448,1,0.100779,371.346,525.12,0,353.317,363.149
1.5,6.17241,1,0.120729,360.717,512.89,0,353.317,363.233
1.5,6.31034,1,0.140083,350.087,500.775,0,353.317,363.322
1.5,6.44828,1,0.158485,339.458,488.787,0,353.317,363.411
1.5,6.58621,1,0.175955,328.829,476.913,0,353.317,363.498
1.5,6.72414,1,0.192893,318.199,465.126,0,353.317,363.589
1.5,6.86207,1,0.209237,307.57,453.422,0,353.317,363.682
1.5,7,1,0.22475,296.941,441.794,0,353.317,363.777
1.65517,3,0.720203,1.93E-09,296.941,441.794,0,362.319,411.782
1.65517,3.13793,0.731263,2.22E-09,296.941,441.794,0,361.904,411.777
1.65517,3.27586,0.742608,2.55E-09,296.941,441.794,0,361.481,411.772
1.65517,3.41379,0.754692,2.94E-09,296.941,441.794,0,361.042,411.767
1.65517,3.55172,0.767115,3.40E-09,296.941,441.794,0,360.594,411.761
1.65517,3.68966,0.780081,3.96E-09,296.941,441.794,0,360.134,411.755
1.65517,3.82759,0.780081,3.96E-09,296.941,441.794,0,360.134,411.755
1.65517,3.96552,0.780081,3.96E-09,296.941,441.794,0,360.134,411.755
1.65517,4.10345,0.780081,3.96E-09,296.941,441.794,0,360.134,411.755
1.65517,4.24138,0.780081,3.96E-09,296.941,441.794,0,360.134,411.755
1.65517,4.37931,0.780081,3.96E-09,296.941,441.794,0,360.134,411.755
1.65517,4.51724,0.780081,3.96E-09,296.941,441.794,0,360.134,411.755
1.65517,4.65517,0.780081,3.96E-09,296.941,441.794,0,360.134,411.755
1.65517,4.7931,0.780081,3.96E-09,296.941,441.794,0,360.134,411.755
1.65517,4.93103,0.780081,3.96E-09,296.941,441.794,0,360.134,411.755
1.65517,5.06897,0.780081,3.96E-09,296.941,441.794,0,360.134,411.755
1.65517,5.2069,0.780081,3.96E-09,296.941,441.794,0,360.134,411.755
1.65517,5.34483,0.780081,3.96E-09,296.941,441.794,0,360.134,411.755
1.65517,5.48276,1,0.0102392,439.552,601.524,0,353.317,362.418
1.65517,5.62069,1,0.0344631,428.262,587.882,0,353.317,362.499
1.65517,5.75862,1,0.0576782,416.973,574.448,0,353.317,362.587
1.65517,5.89655,1,0.0796283,405.684,561.233,0,353.317,362.672
1.65517,6.03448,1,0.100758,394.395,548.172,0,353.317,362.764
1.65517,6.17241,1,0.120717,383.106,535.281,0,353.317,362.853
1.65517,6.31034,1,0.140065,371.817,522.507,0,353.317,362.946
1.65517,6.44828,1,0.158302,360.528,509.866,0,353.317,363.04
1.65517,6.58621,1,0.175963,349.239,497.325,0,353.317,363.134
1.65517,6.72414,1,0.192835,337.95,484.876,0,353.317,363.232
1.65517,6.86207,1,0.209073,326.661,472.516,0,353.317,363.329
1.65517,7,1,0.22482,315.372,460.225,0,353.317,363.43
1.81034,3,0.722551,1.67E-09,315.372,460.225,0,362.229,411.788
1.81034,3.13793,0.733509,1.90E-09,315.372,460.225,0,361.817,411.784
1.81034,3.27586,0.744935,2.18E-09,315.372,460.225,0,361.394,411.78
1.81034,3.41379,0.756999,2.51E-09,315.372,460.225,0,360.958,411.776
1.81034,3.55172,0.769236,2.89E-09,315.372,460.225,0,360.515,411.77
1.81034,3.68966,0.782126,3.35E-09,315.372,460.225,0,360.058,411.765
1.81034,3.82759,0.782126,3.35E-09,315.372,460.225,0,360.058,411.765
1.81034,3.96552,0.782126,3.35E-09,315.372,460.225,0,360.058,411.765
1.81034,4.10345,0.782126,3.35E-09,315.372,460.225,0,360.058,411.765
1.81034,4.24138,0.782126,3.35E-09,315.372,460.225,0,360.058,411.765
1.81034,4.37931,0.782126,3.35E-09,315.372,460.225,0,360.058,411.765
1.81034,4.51724,0.782126,3.35E-09,315.372,460.225,0,360.058,411.765
1.81034,4.65517,0.782126,3.35E-09,315.372,460.225,0,360.058,411.765
1.81034,4.7931,0.782126,3.35E-09,315.372,460.225,0,360.058,411.765
1.81034,4.93103,0.782126,3.35E-09,315.372,460.225,0,360.058,411.765
1.81034,5.06897,0.782126,3.35E-09,315.372,460.225,0,360.058,411.765
1.81034,5.2069,0.782126,3.35E-09,315.372,460.225,0,360.058,411.765
1.81034,5.34483,0.782126,3.35E-09,315.372,460.225,0,360.058,411.765
1.81034,5.48276,1,0.0101185,465.24,627.227,0,353.317,362.046
1.81034,5.62069,1,0.034511,453.291,612.905,0,353.317,362.134
1.81034,5.75862,1,0.0575206,441.342,598.835,0,353.317,362.22
1.81034,5.89655,1,0.0797146,429.393,584.935,0,353.317,362.314
1.81034,6.03448,1,0.100645,417.444,571.232,0,353.317,362.404
1.81034,6.17241,1,0.120853,405.495,557.663,0,353.317,362.501
1.81034,6.31034,1,0.140069,393.547,544.237,0,353.317,362.597
1.81034,6.44828,1,0.158468,381.598,530.93,0,353.317,362.695
1.81034,6.58621,1,0.17605,369.649,517.729,0,353.317,362.796
1.81034,6.72414,1,0.193031,357.7,504.623,0,353.317,362.897
1.81034,6.86207,1,0.209123,345.751,491.607,0,353.317,362.998
1.81034,7,1,0.224768,333.802,478.656,0,353.317,363.106
1.96552,3,0.738868,2.15E-09,333.802,478.656,0,361.618,411.788
1.96552,3.13793,0.735991,1.65E-09,333.802,478.656,0,361.727,411.791
1.96552,3.27586,0.747361,1.89E-09,333.802,478.656,0,361.307,411.787
1.96552,3.41379,0.759355,2.16E-09,333.802,478.656,0,360.874,411.783
1.96552,3.55172,0.771692,2.48E-09,333.802,478.656,0,360.431,411.778
1.96552,3.68966,0.784371,2.86E-09,333.802,478.656,0,359.979,411.773
1.96552,3.82759,0.784371,2.86E-09,333.802,478.656,0,359.979,411.773
1.96552,3.96552,0.784371,2.86E-09,333.802,478.656,0,359.979,411.773
1.96552,4.10345,0.784371,2.86E-09,333.802,478.656,0,359.979,411.773
1.96552,4.24138,0.784371,2.86E-09,333.802,478.656,0,359.979,411.773
1.96552,4.37931,0.784371,2.86E-09,333.802,478.656,0,359.979,411.773
1.96552,4.51724,0.784371,2.86E-09,333.802,478.656,0,359.979,411.773
1.96552,4.65517,0.784371,2.86E-09,333.802,478.656,0,359.979,411.773
1.96552,4.7931,0.784371,2.86E-09,333.802,478.656,0,359.979,411.773
1.96552,4.93103,0.784371,2.86E-09,333.802,478.656,0,359.979,411.773
1.96552,5.06897,0.784371,2.86E-09,333.802,478.656,0,359.979,411.773
1.96552,5.2069,0.784371,2.86E-09,333.802,478.656,0,359.979,411.773
1.96552,5.34483,0.784371,2.86E-09,333.802,478.656,0,359.979,411.773
1.96552,5.48276,1,0.010145,490.928,652.911,0,353.317,361.705
1.96552,5.62069,1,0.0345167,478.319,637.932,0,353.317,361.794
1.96552,5.75862,1,0.0575257,465.711,623.2,0,353.317,361.884
1.96552,5.89655,1,0.0796809,453.102,608.644,0,353.317,361.98
1.96552,6.03448,1,0.100597,440.493,594.283,0,353.317,362.073
1.96552,6.17241,1,0.120694,427.885,580.061,0,353.317,362.171
1.96552,6.31034,1,0.140069,415.276,565.966,0,353.317,362.272
1.96552,6.44828,1,0.158311,402.668,552.005,0,353.317,362.373
1.96552,6.58621,1,0.175945,390.059,538.146,0,353.317,362.475
1.96552,6.72414,1,0.192911,377.45,524.379,0,353.317,362.584
1.96552,6.86207,1,0.20901,364.842,510.701,0,353.317,362.69
1.96552,7,1,0.224755,352.233,497.092,0,353.317,362.801
2.12069,3,0.742452,1.89E-09,352.233,497.092,0,361.49,411.793
2.12069,3.13793,0.738264,1.45E-09,352.233,497.092,0,361.64,411.796
2.12069,3.27586,0.749743,1.65E-09,352.233,497.092,0,361.22,411.792
2.12069,3.41379,0.76154,1.89E-09,352.233,497.092,0,360.791,411.789
2.12069,3.55172,0.774023,2.16E-09,352.233,497.092,0,360.349,411.785
2.12069,3.68966,0.786836,2.48E-09,352.233,497.092,0,359.897,411.78
2.12069,3.82759,0.800185,2.86E-09,352.233,497.092,0,359.433,411.775
2.12069,3.96552,0.800185,2.86E-09,352.233,497.092,0,359.433,411.775
2.12069,4.10345,0.800185,2.86E-09,352.233,497.092,0,359.433,411.775
2.12069,4.24138,0.800185,2.86E-09,352.233,497.092,0,359.433,411.775
2.12069,4.37931,0.800185,2.86E-09,352.233,497.092,0,359.433,411.775
2.12069,4.51724,0.800185,2.86E-09,352.233,497.092,0,359.433,411.775
2.12069,4.65517,0.800185,2.86E-09,352.233,497.092,0,359.433,411.775
2.12069,4.7931,0.800185,2.86E-09,352.233,497.092,0,359.433,411.775
2.12069,4.93103,0.800185,2.86E-09,352.233,497.092,0,359.433,411.775
2.12069,5.06897,0.800185,2.86E-09,352.233,497.092,0,359.433,411.775
2.12069,5.2069,0.800185,2.86E-09,352.233,497.092,0,359.433,411.775
2.12069,5.34483,0.800185,2.86E-09,352.233,497.092,0,359.433,411.775
2.12069,5.48276,1,0.0101604,516.616,678.597,0,353.317,361.388
2.12069,5.62069,1,0.0344037,503.347,662.973,0,353.317,361.477
2.12069,5.75862,1,0.0576657,490.079,647.557,0,353.317,361.573
2.12069,5.89655,1,0.0795521,476.811,632.366,0,353.317,361.666
2.12069,6.03448,1,0.100589,463.542,617.331,0,353.317,361.764
2.12069,6.17241,1,0.120729,450.274,602.45,0,353.317,361.864
2.12069,6.31034,1,0.139972,437.006,587.703,0,353.317,361.97
2.12069,6.44828,1,0.15829,423.737,573.085,0,353.317,362.071
2.12069,6.58621,1,0.175965,410.469,558.556,0,353.317,362.181
2.12069,6.72414,1,0.192875,397.201,544.135,0,353.317,362.286
2.12069,6.86207,1,0.209135,383.932,529.787,0,353.317,362.401
2.12069,7,1,0.224642,370.664,515.528,0,353.317,362.511
2.27586,3,0.74573,1.68E-09,370.664,515.528,0,361.368,411.798
2.27586,3.13793,0.756051,1.91E-09,370.664,515.528,0,360.989,411.795
2.27586,3.27586,0.752242,1.46E-09,370.664,515.528,0,361.132,411.797
2.27586,3.41379,0.7639,1.66E-09,370.664,515.528,0,360.706,411.794
2.27586,3.55172,0.776259,1.89E-09,370.664,515.528,0,360.268,411.79
2.27586,3.68966,0.788955,2.17E-09,370.664,515.528,0,359.819,411.786
2.27586,3.82759,0.802262,2.49E-09,370.664,515.528,0,359.358,411.782
2.27586,3.96552,0.802262,2.49E-09,370.664,515.528,0,359.358,411.782
2.27586,4.10345,0.802262,2.49E-09,370.664,515.528,0,359.358,411.782
2.27586,4.24138,0.802262,2.49E-09,370.664,515.528,0,359.358,411.782
2.27586,4.37931,0.802262,2.49E-09,370.664,515.528,0,359.358,411.782
2.27586,4.51724,0.802262,2.49E-09,370.664,515.528,0,359.358,411.782
2.27586,4.65517,0.802262,2.49E-09,370.664,515.528,0,359.358,411.782
2.27586,4.7931,0.802262,2.49E-09,370.664,515.528,0,359.358,411.782
2.27586,4.93103,0.802262,2.49E-09,370.664,515.528,0,359.358,411.782
2.27586,5.06897,0.802262,2.49E-09,370.664,515.528,0,359.358,411.782
2.27586,5.2069,0.802262,2.49E-09,370.664,515.528,0,359.358,411.782
2.27586,5.34483,0.802262,2.49E-09,370.664,515.528,0,359.358,411.782
2.27586,5.48276,1,0.0102434,542.304,704.275,0,353.317,361.096
2.27586,5.62069,1,0.0345153,528.376,687.99,0,353.317,361.186
2.27586,5.75862,1,0.0575362,514.448,671.938,0,353.317,361.279
2.27586,5.89655,1,0.0794537,500.52,656.088,0,353.317,361.377
2.27586,6.03448,1,0.100542,486.591,640.391,0,353.317,361.477
2.27586,6.17241,1,0.120744,472.663,624.841,0,353.317,361.58
2.27586,6.31034,1,0.139824,458.735,609.443,0,353.317,361.683
2.27586,6.44828,1,0.158388,444.807,594.146,0,353.317,361.792
2.27586,6.58621,1,0.176025,430.879,578.967,0,353.317,361.9
2.27586,6.72414,1,0.192801,416.951,563.886,0,353.317,362.01
2.27586,6.86207,1,0.209186,403.023,548.879,0,353.317,362.125
2.27586,7,1,0.224578,389.095,533.958,0,353.317,362.241
2.43103,3,0.749207,1.50E-09,389.095,533.958,0,361.242,411.802
2.43103,3.13793,0.759412,1.70E-09,389.095,533.958,0,360.867,411.799
2.43103,3.27586,0.7546,1.30E-09,389.095,533.958,0,361.045,411.802
2.43103,3.41379,0.766441,1.47E-09,389.095,533.958,0,360.619,411.798
2.43103,3.55172,0.778506,1.67E-09,389.095,533.958,0,360.186,411.795
2.43103,3.68966,0.791433,1.91E-09,389.095,533.958,0,359.736,411.791
2.43103,3.82759,0.804689,2.19E-09,389.095,533.958,0,359.278,411.787
2.43103,3.96552,0.804689,2.19E-09,389.095,533.958,0,359.278,411.787
2.43103,4.10345,0.804689,2.19E-09,389.095,533.958,0,359.278,411.787
2.43103,4.24138,0.804689,2.19E-09,389.095,533.958,0,359.278,411.787
2.43103,4.37931,0.804689,2.19E-09,389.095,533.958,0,359.278,411.787
2.43103,4.51724,0.804689,2.19E-09,389.095,533.958,0,359.278,411.787
2.43103,4.65517,0.804689,2.19E-09,389.095,533.958,0,359.278,411.787
2.43103,4.7931,0.804689,2.19E-09,389.095,533.958,0,359.278,411.787
2.43103,4.93103,0.804689,2.19E-09,389.095,533.958,0,359.278,411.787
2.43103,5.06897,0.804689,2.19E-09,389.095,533.958,0,359.278,411.787
2.43103,5.2069,0.804689,2.19E-09,389.095,533.958,0,359.278,411.787
2.43103,5.34483,0.804689,2.19E-09,389.095,533.958,0,359.278,411.787
2.43103,5.48276,1,0.0100608,567.992,729.988,0,353.317,360.822
2.43103,5.62069,1,0.0342832,553.404,713.047,0,353.317,360.912
2.43103,5.75862,1,0.0574333,538.816,696.322,0,353.317,361.008
2.43103,5.89655,1,0.0795912,524.228,679.783,0,353.317,361.109
2.43103,6.03448,1,0.100532,509.641,663.441,0,353.317,361.207
2.43103,6.17241,1,0.120699,495.053,647.23,0,353.317,361.313
2.43103,6.31034,1,0.140007,480.465,631.164,0,353.317,361.418
2.43103,6.44828,1,0.158404,465.877,615.219,0,353.317,361.525
2.43103,6.58621,1,0.175929,451.289,599.383,0,353.317,361.635
2.43103,6.72414,1,0.19297,436.701,583.63,0,353.317,361.75
2.43103,6.86207,1,0.209173,422.113,567.972,0,353.317,361.866
2.43103,7,1,0.224652,407.526,552.389,0,353.317,361.985
2.58621,3,0.752506,1.35E-09,407.526,552.389,0,361.117,411.805
2.58621,3.13793,0.762898,1.52E-09,407.526,552.389,0,360.744,411.803
2.58621,3.27586,0.773714,1.72E-09,407.526,552.389,0,360.359,411.8
2.58621,3.41379,0.768767,1.31E-09,407.526,552.389,0,360.535,411.802
2.58621,3.55172,0.781028,1.49E-09,407.526,552.389,0,360.101,411.799
2.58621,3.68966,0.793736,1.70E-09,407.526,552.389,0,359.656,411.796
2.58621,3.82759,0.807012,1.94E-09,407.526,552.389,0,359.199,411.792
2.58621,3.96552,0.820731,2.22E-09,407.526,552.389,0,358.731,411.788
2.58621,4.10345,0.820731,2.22E-09,407.526,552.389,0,358.731,411.788
2.58621,4.24138,0.820731,2.22E-09,407.526,552.389,0,358.731,411.788
2.58621,4.37931,0.820731,2.22E-09,407.526,552.389,0,358.731,411.788
2.58621,4.51724,0.820731,2.22E-09,407.526,552.389,0,358.731,411.788
2.58621,4.65517,0.820731,2.22E-09,407.526,552.389,0,358.731,411.788
2.58621,4.7931,0.820731,2.22E-09,407.526,552.389,0,358.731,411.788
2.58621,4.93103,0.820731,2.22E-09,407.526,552.389,0,358.731,411.788
2.58621,5.06897,0.820731,2.22E-09,407.526,552.389,0,358.731,411.788
2.58621,5.2069,0.820731,2.22E-09,407.526,552.389,0,358.731,411.788
2.58621,5.34483,0.820731,2.22E-09,407.526,552.389,0,358.731,411.788
2.58621,5.48276,1,0.0100385,593.68,755.679,0,353.317,360.566
2.58621,5.62069,1,0.0342999,578.432,738.072,0,353.317,360.658
2.58621,5.75862,1,0.0575333,563.185,720.678,0,353.317,360.756
2.58621,5.89655,1,0.0794725,547.937,703.503,0,353.317,360.853
2.58621,6.03448,1,0.100617,532.69,686.479,0,353.317,360.957
2.58621,6.17241,1,0.120652,517.442,669.628,0,353.317,361.059
2.58621,6.31034,1,0.139883,502.194,652.901,0,353.317,361.165
2.58621,6.44828,1,0.158258,486.947,636.294,0,353.317,361.275
2.58621,6.58621,1,0.176004,471.699,619.785,0,353.317,361.39
2.58621,6.72414,1,0.192906,456.452,603.381,0,353.317,361.505
2.58621,6.86207,1,0.208987,441.204,587.065,0,353.317,361.622
2.58621,7,1,0.224611,425.956,570.819,0,353.317,361.743
2.74138,3,0.755992,1.22E-09,425.956,570.819,0,360.994,411.808
2.74138,3.13793,0.766319,1.37E-09,425.956,570.819,0,360.624,411.806
2.74138,3.27586,0.776997,1.55E-09,425.956,570.819,0,360.241,411.804
2.74138,3.41379,0.78801,1.76E-09,425.956,570.819,0,359.852,411.801
2.74138,3.55172,0.783395,1.34E-09,425.956,570.819,0,360.018,411.803
2.74138,3.68966,0.795885,1.52E-09,425.956,570.819,0,359.578,411.8
2.74138,3.82759,0.809302,1.73E-09,425.956,570.819,0,359.121,411.797
2.74138,3.96552,0.822881,1.98E-09,425.956,570.819,0,358.658,411.793
2.74138,4.10345,0.822881,1.98E-09,425.956,570.819,0,358.658,411.793
2.74138,4.24138,0.822881,1.98E-09,425.956,570.819,0,358.658,411.793
2.74138,4.37931,0.822881,1.98E-09,425.956,570.819,0,358.658,411.793
2.74138,4.51724,0.822881,1.98E-09,425.956,570.819,0,358.658,411.793
2.74138,4.65517,0.822881,1.98E-09,425.956,570.819,0,358.658,411.793
2.74138,4.7931,0.822881,1.98E-09,425.956,570.819,0,358.658,411.793
2.74138,4.93103,0.822881,1.98E-09,425.956,570.819,0,358.658,411.793
2.74138,5.06897,0.822881,1.98E-09,425.956,570.819,0,358.658,411.793
2.74138,5.2069,0.822881,1.98E-09,425.956,570.819,0,358.658,411.793
2.74138,5.34483,0.822881,1.98E-09,425.956,570.819,0,358.658,411.793
2.74138,5.48276,1,0.0100277,619.368,781.368,0,353.317,360.327
2.74138,5.62069,1,0.034385,603.461,763.092,0,353.317,360.421
2.74138,5.75862,1,0.0574307,587.553,745.06,0,353.317,360.516
2.74138,5.89655,1,0.0794281,571.646,727.215,0,353.317,360.615
2.74138,6.03448,1,0.100533,555.739,709.539,0,353.317,360.717
2.74138,6.17241,1,0.120713,539.831,692.009,0,353.317,360.824
2.74138,6.31034,1,0.139946,523.924,674.622,0,353.317,360.932
2.74138,6.44828,1,0.158391,508.017,657.356,0,353.317,361.042
2.74138,6.58621,1,0.176037,492.109,640.198,0,353.317,361.155
2.74138,6.72414,1,0.192756,476.202,623.138,0,353.317,361.271
2.74138,6.86207,1,0.209057,460.295,606.156,0,353.317,361.39
2.74138,7,1,0.224681,444.387,589.245,0,353.317,361.516
2.89655,3,0.759406,1.11E-09,444.387,589.245,0,360.872,411.811
2.89655,3.13793,0.76952,1.25E-09,444.387,589.245,0,360.507,411.809
2.89655,3.27586,0.780378,1.41E-09,444.387,589.245,0,360.124,411.807
2.89655,3.41379,0.791518,1.59E-09,444.387,589.245,0,359.734,411.804
2.89655,3.55172,0.785529,1.21E-09,444.387,589.245,0,359.94,411.807
2.89655,3.68966,0.798216,1.37E-09,444.387,589.245,0,359.498,411.804
2.89655,3.82759,0.811405,1.55E-09,444.387,589.245,0,359.046,411.801
2.89655,3.96552,0.825143,1.77E-09,444.387,589.245,0,358.582,411.797
2.89655,4.10345,0.839524,2.03E-09,444.387,589.245,0,358.105,411.793
2.89655,4.24138,0.839524,2.03E-09,444.387,589.245,0,358.105,411.793
2.89655,4.37931,0.839524,2.03E-09,444.387,589.245,0,358.105,411.793
2.89655,4.51724,0.839524,2.03E-09,444.387,589.245,0,358.105,411.793
2.89655,4.65517,0.839524,2.03E-09,444.387,589.245,0,358.105,411.793
2.89655,4.7931,0.839524,2.03E-09,444.387,589.245,0,358.105,411.793
2.89655,4.93103,0.839524,2.03E-09,444.387,589.245,0,358.105,411.793
2.89655,5.06897,0.839524,2.03E-09,444.387,589.245,0,358.105,411.793
2.89655,5.2069,0.839524,2.03E-09,444.387,589.245,0,358.105,411.793
2.89655,5.34483,0.839524,2.03E-09,444.387,589.245,0,358.105,411.793
2.89655,5.48276,1,0.0100209,645.056,807.057,0,353.317,360.103
2.89655,5.62069,1,0.0342462,628.489,788.136,0,353.317,360.195
2.89655,5.75862,1,0.0575448,611.922,769.413,0,353.317,360.295
2.89655,5.89655,1,0.079594,595.355,750.907,0,353.317,360.394
2.89655,6.03448,1,0.100624,578.788,732.577,0,353.317,360.496
2.89655,6.17241,1,0.120644,562.221,714.407,0,353.317,360.599
2.89655,6.31034,1,0.139857,545.654,696.362,0,353.317,360.707
2.89655,6.44828,1,0.158204,529.086,678.435,0,353.317,360.819
2.89655,6.58621,1,0.175916,512.519,660.614,0,353.317,360.933
2.89655,6.72414,1,0.192828,495.952,642.887,0,353.317,361.05
2.89655,6.86207,1,0.209172,479.385,625.24,0,353.317,361.173
2.89655,7,1,0.224564,462.818,607.69,0,353.317,361.3
3.05172,3,0.762672,1.01E-09,462.818,607.69,0,360.754,411.814
3.05172,3.13793,0.772906,1.14E-09,462.818,607.69,0,360.385,411.812
3.05172,3.27586,0.783631,1.28E-09,462.818,607.69,0,360.008,411.809
3.05172,3.41379,0.794622,1.44E-09,462.818,607.69,0,359.623,411.807
3.05172,3.55172,0.806358,1.63E-09,462.818,607.69,0,359.222,411.805
3.05172,3.68966,0.800566,1.24E-09,462.818,607.69,0,359.418,411.807
3.05172,3.82759,0.813844,1.40E-09,462.818,607.69,0,358.965,411.804
3.05172,3.96552,0.827412,1.60E-09,462.818,607.69,0,358.506,411.801
3.05172,4.10345,0.841678,1.83E-09,462.818,607.69,0,358.031,411.797
3.05172,4.24138,0.841678,1.83E-09,462.818,607.69,0,358.031,411.797
3.05172,4.37931,0.841678,1.83E-09,462.818,607.69,0,358.031,411.797
3.05172,4.51724,0.841678,1.83E-09,462.818,607.69,0,358.031,411.797
3.05172,4.65517,0.841678,1.83E-09,462.818,607.69,0,358.031,411.797
3.05172,4.7931,0.841678,1.83E-09,462.818,607.69,0,358.031,411.797
3.05172,4.93103,0.841678,1.83E-09,462.818,607.69,0,358.031,411.797
3.05172,5.06897,0.841678,1.83E-09,462.818,607.69,0,358.031,411.797
3.05172,5.2069,0.841678,1.83E-09,462.818,607.69,0,358.031,411.797
3.05172,5.34483,0.841678,1.83E-09,462.818,607.69,0,358.031,411.797
3.05172,5.48276,1,0.0100177,670.744,832.746,0,353.317,359.892
3.05172,5.62069,1,0.0342788,653.517,813.16,0,353.317,359.985
3.05172,5.75862,1,0.0575278,636.291,793.786,0,353.317,360.083
3.05172,5.89655,1,0.0795746,619.064,774.619,0,353.317,360.183
3.05172,6.03448,1,0.100536,601.837,755.637,0,353.317,360.283
3.05172,6.17241,1,0.120711,584.61,736.787,0,353.317,360.391
3.05172,6.31034,1,0.139965,567.383,718.08,0,353.317,360.5
3.05172,6.44828,1,0.158262,550.156,699.504,0,353.317,360.609
3.05172,6.58621,1,0.176003,532.929,681.015,0,353.317,360.726
3.05172,6.72414,1,0.192922,515.703,662.63,0,353.317,360.844
3.05172,6.86207,1,0.208891,498.476,644.348,0,353.317,360.968
3.05172,7,1,0.224588,481.249,626.123,0,353.317,361.092
3.2069,3,0.76587,9.29E-10,481.249,626.123,0,360.636,411.816
3.2069,3.13793,0.776401,1.04E-09,481.249,626.123,0,360.264,411.814
3.2069,3.27586,0.786989,1.17E-09,481.249,626.123,0,359.892,411.812
3.2069,3.41379,0.797873,1.32E-09,481.249,626.123,0,359.509,411.81
3.2069,3.55172,0.80942,1.49E-09,481.249,626.123,0,359.114,411.807
3.2069,3.68966,0.82136,1.69E-09,481.249,626.123,0,358.708,411.805
3.2069,3.82759,0.816186,1.27E-09,481.249,626.123,0,358.887,411.807
3.2069,3.96552,0.829793,1.45E-09,481.249,626.123,0,358.427,411.804
3.2069,4.10345,0.843923,1.65E-09,481.249,626.123,0,357.958,411.801
3.2069,4.24138,0.858968,1.89E-09,481.249,626.123,0,357.47,411.797
3.2069,4.37931,0.858968,1.89E-09,481.249,626.123,0,357.47,411.797
3.2069,4.51724,0.858968,1.89E-09,481.249,626.123,0,357.47,411.797
3.2069,4.65517,0.858968,1.89E-09,481.249,626.123,0,357.47,411.797
3.2069,4.7931,0.858968,1.89E-09,481.249,626.123,0,357.47,411.797
3.2069,4.93103,0.858968,1.89E-09,481.249,626.123,0,357.47,411.797
3.2069,5.06897,0.858968,1.89E-09,481.249,626.123,0,357.47,411.797
3.2069,5.2069,0.858968,1.89E-09,481.249,626.123,0,357.47,411.797
3.2069,5.34483,0.858968,1.89E-09,481.249,626.123,0,357.47,411.797
3.2069,5.48276,1,0.0100135,696.432,858.434,0,353.317,359.695
3.2069,5.62069,1,0.0342964,678.546,838.186,0,353.317,359.788
3.2069,5.75862,1,0.057428,660.659,818.166,0,353.317,359.883
3.2069,5.89655,1,0.0794326,642.773,798.34,0,353.317,359.983
3.2069,6.03448,1,0.100504,624.886,778.684,0,353.317,360.086
3.2069,6.17241,1,0.120609,606.999,759.187,0,353.317,360.19
3.2069,6.31034,1,0.140002,589.113,739.812,0,353.317,360.3
3.2069,6.44828,1,0.158377,571.226,720.565,0,353.317,360.412
3.2069,6.58621,1,0.175827,553.339,701.447,0,353.317,360.529
3.2069,6.72414,1,0.19275,535.453,682.401,0,353.317,360.648
3.2069,6.86207,1,0.208939,517.566,663.439,0,353.317,360.771
3.2069,7,1,0.224473,499.68,644.559,0,353.317,360.894
3.36207,3,0.769153,8.56E-10,499.68,644.559,0,360.521,411.818
3.36207,3.13793,0.77947,9.60E-10,499.68,644.559,0,360.152,411.816
3.36207,3.27586,0.790063,1.08E-09,499.68,644.559,0,359.78,411.814
3.36207,3.41379,0.801227,1.21E-09,499.68,644.559,0,359.396,411.812
3.36207,3.55172,0.812663,1.36E-09,499.68,644.559,0,359.002,411.81
3.36207,3.68966,0.824641,1.54E-09,499.68,644.559,0,358.6,411.808
3.36207,3.82759,0.81841,1.16E-09,499.68,644.559,0,358.809,411.81
3.36207,3.96552,0.832097,1.32E-09,499.68,644.559,0,358.351,411.807
3.36207,4.10345,0.84634,1.50E-09,499.68,644.559,0,357.881,411.804
3.36207,4.24138,0.861055,1.71E-09,499.68,644.559,0,357.401,411.801
3.36207,4.37931,0.861055,1.71E-09,499.68,644.559,0,357.401,411.801
3.36207,4.51724,0.861055,1.71E-09,499.68,644.559,0,357.401,411.801
3.36207,4.65517,0.861055,1.71E-09,499.68,644.559,0,357.401,411.801
3.36207,4.7931,0.861055,1.71E-09,499.68,644.559,0,357.401,411.801
3.36207,4.93103,0.861055,1.71E-09,499.68,644.559,0,357.401,411.801
3.36207,5.06897,0.861055,1.71E-09,499.68,644.559,0,357.401,411.801
3.36207,5.2069,0.861055,1.71E-09,499.68,644.559,0,357.401,411.801
3.36207,5.34483,0.861055,1.71E-09,499.68,644.559,0,357.401,411.801
3.36207,5.48276,1,0.0100081,722.12,884.123,0,353.317,359.508
3.36207,5.62069,1,0.0344193,703.574,863.2,0,353.317,359.602
3.36207,5.75862,1,0.0574264,685.028,842.532,0,353.317,359.697
3.36207,5.89655,1,0.0796036,666.481,822.033,0,353.317,359.798
3.36207,6.03448,1,0.100636,647.935,801.725,0,353.317,359.899
3.36207,6.17241,1,0.120589,629.389,781.574,0,353.317,360.003
3.36207,6.31034,1,0.139824,610.842,761.551,0,353.317,360.111
3.36207,6.44828,1,0.157969,592.296,741.67,0,353.317,360.225
3.36207,6.58621,1,0.175762,573.75,721.858,0,353.317,360.342
3.36207,6.72414,1,0.192733,555.203,702.154,0,353.317,360.459
3.36207,6.86207,1,0.208782,536.657,682.536,0,353.317,360.581
3.36207,7,1,0.224411,518.11,662.989,0,353.317,360.708
3.51724,3,0.772379,7.92E-10,518.11,662.989,0,360.404,411.82
3.51724,3.13793,0.782934,8.86E-10,518.11,662.989,0,360.034,411.818
3.51724,3.27586,0.793582,9.94E-10,518.11,662.989,0,359.661,411.816
3.51724,3.41379,0.804454,1.11E-09,518.11,662.989,0,359.284,411.814
3.51724,3.55172,0.816044,1.25E-09,518.11,662.989,0,358.89,411.812
3.51724,3.68966,0.827823,1.41E-09,518.11,662.989,0,358.492,411.81
3.51724,3.82759,0.840187,1.60E-09,518.11,662.989,0,358.081,411.808
3.51724,3.96552,0.834264,1.21E-09,518.11,662.989,0,358.278,411.81
3.51724,4.10345,0.848422,1.37E-09,518.11,662.989,0,357.81,411.807
3.51724,4.24138,0.863432,1.56E-09,518.11,662.989,0,357.326,411.804
3.51724,4.37931,0.878713,1.79E-09,518.11,662.989,0,356.836,411.8
3.51724,4.51724,0.878713,1.79E-09,518.11,662.989,0,356.836,411.8
3.51724,4.65517,0.878713,1.79E-09,518.11,662.989,0,356.836,411.8
3.51724,4.7931,0.878713,1.79E-09,518.11,662.989,0,356.836,411.8
3.51724,4.93103,0.878713,1.79E-09,518.11,662.989,0,356.836,411.8
3.51724,5.06897,0.878713,1.79E-09,518.11,662.989,0,356.836,411.8
3.51724,5.2069,0.988319,4.65E-09,518.11,662.989,0,353.541,411.768
3.51724,5.34483,0.988319,4.65E-09,518.11,662.989,0,353.541,411.768
3.51724,5.48276,1,0.0100076,747.809,909.811,0,353.317,359.332
3.51724,5.62069,1,0.0343869,728.602,888.233,0,353.317,359.425
3.51724,5.75862,1,0.0575413,709.396,866.888,0,353.317,359.521
3.51724,5.89655,1,0.0795756,690.19,845.745,0,353.317,359.62
3.51724,6.03448,1,0.100519,670.984,824.786,0,353.317,359.719
3.51724,6.17241,1,0.120783,651.778,803.954,0,353.317,359.825
3.51724,6.31034,1,0.139541,632.572,783.304,0,353.317,359.936
3.51724,6.44828,1,0.158035,613.366,762.737,0,353.317,360.046
3.51724,6.58621,1,0.17564,594.16,742.276,0,353.317,360.161
3.51724,6.72414,1,0.192562,574.953,721.909,0,353.317,360.28
3.51724,6.86207,1,0.208879,555.747,701.626,0,353.317,360.403
3.51724,7,1,0.224383,536.541,681.419,0,353.317,360.531
3.67241,3,0.775692,7.35E-10,536.541,681.419,0,360.289,411.821
3.67241,3.13793,0.785963,8.22E-10,536.541,681.419,0,359.923,411.82
3.67241,3.27586,0.796847,9.20E-10,536.541,681.419,0,359.546,411.818
3.67241,3.41379,0.80785,1.03E-09,536.541,681.419,0,359.17,411.816
3.67241,3.55172,0.819314,1.16E-09,536.541,681.419,0,358.78,411.814
3.67241,3.68966,0.831042,1.30E-09,536.541,681.419,0,358.384,411.812
3.67241,3.82759,0.843387,1.47E-09,536.541,681.419,0,357.975,411.81
3.67241,3.96552,0.836651,1.11E-09,536.541,681.419,0,358.2,411.812
3.67241,4.10345,0.85086,1.25E-09,536.541,681.419,0,357.733,411.81
3.67241,4.24138,0.865486,1.43E-09,536.541,681.419,0,357.258,411.807
3.67241,4.37931,0.881077,1.63E-09,536.541,681.419,0,356.763,411.804
3.67241,4.51724,0.896983,1.88E-09,536.541,681.419,0,356.261,411.8
3.67241,4.65517,0.896983,1.88E-09,536.541,681.419,0,356.261,411.8
3.67241,4.7931,0.896983,1.88E-09,536.541,681.419,0,356.261,411.8
3.67241,4.93103,0.896983,1.88E-09,536.541,681.419,0,356.261,411.8
3.67241,5.06897,0.896983,1.88E-09,536.541,681.419,0,356.261,411.8
3.67241,5.2069,0.990108,4.18E-09,536.541,681.419,0,353.49,411.773
3.67241,5.34483,0.990108,4.18E-09,536.541,681.419,0,353.49,411.773
3.67241,5.48276,1,0.0100034,773.497,935.5,0,353.317,359.165
3.67241,5.62069,1,0.0343649,753.631,913.264,0,353.317,359.258
3.67241,5.75862,1,0.0575226,733.765,891.259,0,353.317,359.353
3.67241,5.89655,1,0.0795866,713.899,869.457,0,353.317,359.45
3.67241,6.03448,1,0.100494,694.033,847.833,0,353.317,359.551
3.67241,6.17241,1,0.120451,674.167,826.375,0,353.317,359.659
3.67241,6.31034,1,0.13966,654.301,805.026,0,353.317,359.767
3.67241,6.44828,1,0.157967,634.436,783.805,0,353.317,359.878
3.67241,6.58621,1,0.175614,614.57,762.684,0,353.317,359.992
3.67241,6.72414,1,0.192536,594.704,741.657,0,353.317,360.111
3.67241,6.86207,1,0.208832,574.838,720.716,0,353.317,360.233
3.67241,7,1,0.224388,554.972,699.848,0,353.317,360.361
3.82759,3,0.778691,6.85E-10,554.972,699.848,0,360.179,411.823
3.82759,3.13793,0.789377,7.65E-10,554.972,699.848,0,359.808,411.822
3.82759,3.27586,0.800044,8.55E-10,554.972,699.848,0,359.437,411.82
3.82759,3.41379,0.811104,9.55E-10,554.972,699.848,0,359.059,411.818
3.82759,3.55172,0.822555,1.07E-09,554.972,699.848,0,358.671,411.816
3.82759,3.68966,0.834482,1.20E-09,554.972,699.848,0,358.274,411.814
3.82759,3.82759,0.846781,1.36E-09,554.972,699.848,0,357.868,411.812
3.82759,3.96552,0.859439,1.54E-09,554.972,699.848,0,357.453,411.81
3.82759,4.10345,0.852979,1.16E-09,554.972,699.848,0,357.663,411.812
3.82759,4.24138,0.867807,1.31E-09,554.972,699.848,0,357.184,411.809
3.82759,4.37931,0.883226,1.50E-09,554.972,699.848,0,356.694,411.806
3.82759,4.51724,0.899174,1.72E-09,554.972,699.848,0,356.194,411.803
3.82759,4.65517,0.916121,1.98E-09,554.972,699.848,0,355.673,411.799
3.82759,4.7931,0.916121,1.98E-09,554.972,699.848,0,355.673,411.799
3.82759,4.93103,0.916121,1.98E-09,554.972,699.848,0,355.673,411.799
3.82759,5.06897,0.971534,3.17E-09,554.972,699.848,0,354.024,411.785
3.82759,5.2069,0.991941,3.78E-09,554.972,699.848,0,353.438,411.778
3.82759,5.34483,0.991941,3.78E-09,554.972,699.848,0,353.438,411.778
3.82759,5.48276,1,0.0100015,799.185,961.188,0,353.317,359.008
3.82759,5.62069,1,0.0343582,778.659,938.294,0,353.317,359.099
3.82759,5.75862,1,0.0575105,758.133,915.63,0,353.317,359.194
3.82759,5.89655,1,0.079446,737.608,893.176,0,353.317,359.29
3.82759,6.03448,1,0.100344,717.082,870.903,0,353.317,359.395
3.82759,6.17241,1,0.120331,696.557,848.774,0,353.317,359.497
3.82759,6.31034,1,0.139701,676.031,826.757,0,353.317,359.605
3.82759,6.44828,1,0.158097,655.505,804.868,0,353.317,359.717
3.82759,6.58621,1,0.175713,634.98,783.087,0,353.317,359.831
3.82759,6.72414,1,0.19264,614.454,761.401,0,353.317,359.95
3.82759,6.86207,1,0.208808,593.928,739.806,0,353.317,360.071
3.82759,7,1,0.219897,593.928,739.806,0,353.317,360.248
3.98276,3,0.782041,6.40E-10,593.928,739.806,0,360.065,411.825
3.98276,3.13793,0.792362,7.14E-10,593.928,739.806,0,359.7,411.823
3.98276,3.27586,0.803384,7.96E-10,593.928,739.806,0,359.324,411.822
3.98276,3.41379,0.814123,8.89E-10,593.928,739.806,0,358.953,411.82
3.98276,3.55172,0.825779,9.96E-10,593.928,739.806,0,358.563,411.818
3.98276,3.68966,0.837464,1.12E-09,593.928,739.806,0,358.171,411.816
3.98276,3.82759,0.849846,1.26E-09,593.928,739.806,0,357.766,411.814
3.98276,3.96552,0.862709,1.42E-09,593.928,739.806,0,357.348,411.812
3.98276,4.10345,0.855164,1.07E-09,593.928,739.806,0,357.59,411.814
3.98276,4.24138,0.869959,1.21E-09,593.928,739.806,0,357.115,411.812
3.98276,4.37931,0.885379,1.38E-09,593.928,739.806,0,356.625,411.809
3.98276,4.51724,0.901477,1.58E-09,593.928,739.806,0,356.124,411.806
3.98276,4.65517,0.918236,1.81E-09,593.928,739.806,0,355.609,411.802
3.98276,4.7931,0.935767,2.10E-09,593.928,739.806,0,355.078,411.798
3.98276,4.93103,0.954217,2.45E-09,593.928,739.806,0,354.53,411.794
3.98276,5.06897,0.973547,2.89E-09,593.928,739.806,0,353.966,411.788
3.98276,5.2069,0.973547,2.89E-09,593.928,739.806,0,353.966,411.788
3.98276,5.34483,0.973547,2.89E-09,593.928,739.806,0,353.966,411.788
3.98276,5.48276,1,0.00999993,824.873,986.876,0,353.317,358.858
3.98276,5.62069,1,0.0343474,803.687,963.324,0,353.317,358.949
3.98276,5.75862,1,0.057395,782.502,940.011,0,353.317,359.041
3.98276,5.89655,1,0.0791324,761.317,916.92,0,353.317,359.141
3.98276,6.03448,1,0.0929995,761.317,916.92,0,353.317,359.3
3.98276,6.17241,1,0.113341,761.317,916.92,0,353.317,359.402
3.98276,6.31034,1,0.13307,761.317,916.92,0,353.317,359.509
3.98276,6.44828,1,0.151868,761.317,916.92,0,353.317,359.618
3.98276,6.58621,1,0.169765,761.317,916.92,0,353.317,359.733
3.98276,6.72414,1,0.187014,761.317,916.92,0,353.317,359.85
3.98276,6.86207,1,0.203615,761.317,916.92,0,353.317,359.972
3.98276,7,1,0.219465,761.317,916.92,0,353.317,360.098
4.13793,3,0.785,6.00E-10,761.317,916.92,0,359.958,411.826
4.13793,3.13793,0.795718,6.68E-10,761.317,916.92,0,359.587,411.824
4.13793,3.27586,0.806325,7.45E-10,761.317,916.92,0,359.218,411.823
4.13793,3.41379,0.817494,8.30E-10,761.317,916.92,0,358.842,411.821
4.13793,3.55172,0.828805,9.29E-10,761.317,916.92,0,358.46,411.82
4.13793,3.68966,0.840646,1.04E-09,761.317,916.92,0,358.065,411.818
4.13793,3.82759,0.852947,1.17E-09,761.317,916.92,0,357.662,411.816
4.13793,3.96552,0.865707,1.32E-09,761.317,916.92,0,357.25,411.814
4.13793,4.10345,0.879162,1.49E-09,761.317,916.92,0,356.823,411.812
4.13793,4.24138,0.872157,1.12E-09,761.317,916.92,0,357.045,411.814
4.13793,4.37931,0.887465,1.27E-09,761.317,916.92,0,356.559,411.811
4.13793,4.51724,0.903457,1.45E-09,761.317,916.92,0,356.061,411.808
4.13793,4.65517,0.920235,1.67E-09,761.317,916.92,0,355.547,411.805
4.13793,4.7931,0.937869,1.93E-09,761.317,916.92,0,355.016,411.801
4.13793,4.93103,0.956211,2.25E-09,761.317,916.92,0,354.472,411.797
4.13793,5.06897,0.975397,2.64E-09,761.317,916.92,0,353.912,411.792
4.13793,5.2069,0.995578,3.13E-09,761.317,916.92,0,353.334,411.786
4.13793,5.34483,0.995578,3.13E-09,761.317,916.92,0,353.334,411.786
4.13793,5.48276,1,7.87E-06,761.317,916.92,0,353.317,365.006
4.13793,5.62069,1,0.0247542,761.317,916.92,0,353.317,358.872
4.13793,5.75862,1,0.0483367,761.317,916.92,0,353.317,358.964
4.13793,5.89655,1,0.0706569,761.317,916.92,0,353.317,359.062
4.13793,6.03448,1,0.0921286,761.317,916.92,0,353.317,359.16
4.13793,6.17241,1,0.112713,761.317,916.92,0,353.317,359.262
4.13793,6.31034,1,0.132191,761.317,916.92,0,353.317,359.366
4.13793,6.44828,1,0.15114,761.317,916.92,0,353.317,359.475
4.13793,6.58621,1,0.169134,761.317,916.92,0,353.317,359.589
4.13793,6.72414,1,0.186422,761.317,916.92,0,353.317,359.707
4.13793,6.86207,1,0.203042,761.317,916.92,0,353.317,359.827
4.13793,7,1,0.218935,761.317,916.92,0,353.317,359.954
4.2931,3,0.788155,5.63E-10,761.317,916.92,0,359.849,411.827
4.2931,3.13793,0.798682,6.27E-10,761.317,916.92,0,359.483,411.826
4.2931,3.27586,0.809727,6.97E-10,761.317,916.92,0,359.107,411.824
4.2931,3.41379,0.820679,7.78E-10,761.317,916.92,0,358.732,411.823
4.2931,3.55172,0.832179,8.68E-10,761.317,916.92,0,358.35,411.821
4.2931,3.68966,0.843897,9.72E-10,761.317,916.92,0,357.961,411.82
4.2931,3.82759,0.856174,1.09E-09,761.317,916.92,0,357.559,411.818
4.2931,3.96552,0.869063,1.23E-09,761.317,916.92,0,357.145,411.816
4.2931,4.10345,0.882286,1.39E-09,761.317,916.92,0,356.724,411.814
4.2931,4.24138,0.874558,1.04E-09,761.317,916.92,0,356.97,411.816
4.2931,4.37931,0.889853,1.18E-09,761.317,916.92,0,356.486,411.813
4.2931,4.51724,0.905666,1.34E-09,761.317,916.92,0,355.993,411.81
4.2931,4.65517,0.922307,1.54E-09,761.317,916.92,0,355.483,411.807
4.2931,4.7931,0.939951,1.78E-09,761.317,916.92,0,354.954,411.804
4.2931,4.93103,0.958128,2.07E-09,761.317,916.92,0,354.415,411.8
4.2931,5.06897,0.977442,2.43E-09,761.317,916.92,0,353.853,411.795
4.2931,5.2069,0.977442,2.43E-09,761.317,916.92,0,353.853,411.795
4.2931,5.34483,0.977442,2.43E-09,761.317,916.92,0,353.853,411.795
4.2931,5.48276,0.977442,2.43E-09,761.317,916.92,0,353.853,411.795
4.2931,5.62069,1,0.023794,761.317,916.92,0,353.317,358.741
4.2931,5.75862,1,0.0471281,761.317,916.92,0,353.317,358.835
4.2931,5.89655,1,0.0696867,761.317,916.92,0,353.317,358.929
4.2931,6.03448,1,0.0911044,761.317,916.92,0,353.317,359.026
4.2931,6.17241,1,0.11184,761.317,916.92,0,353.317,359.128
4.2931,6.31034,1,0.131375,761.317,916.92,0,353.317,359.232
4.2931,6.44828,1,0.150247,761.317,916.92,0,353.317,359.339
4.2931,6.58621,1,0.168254,761.317,916.92,0,353.317,359.452
4.2931,6.72414,1,0.185753,761.317,916.92,0,353.317,359.569
4.2931,6.86207,1,0.202324,761.317,916.92,0,353.317,359.691
4.2931,7,1,0.218352,761.317,916.92,0,353.317,359.815
4.44828,3,0.791354,5.30E-10,761.317,916.92,0,359.739,411.828
4.44828,3.13793,0.801781,5.89E-10,761.317,916.92,0,359.375,411.827
4.44828,3.27586,0.81272,6.55E-10,761.317,916.92,0,359.003,411.826
4.44828,3.41379,0.824018,7.30E-10,761.317,916.92,0,358.623,411.824
4.44828,3.55172,0.835134,8.14E-10,761.317,916.92,0,358.248,411.823
4.44828,3.68966,0.847109,9.10E-10,761.317,916.92,0,357.855,411.821
4.44828,3.82759,0.859249,1.02E-09,761.317,916.92,0,357.458,411.819
4.44828,3.96552,0.872159,1.15E-09,761.317,916.92,0,357.045,411.817
4.44828,4.10345,0.885367,1.29E-09,761.317,916.92,0,356.626,411.815
4.44828,4.24138,0.89906,1.47E-09,761.317,916.92,0,356.198,411.813
4.44828,4.37931,0.892052,1.10E-09,761.317,916.92,0,356.418,411.815
4.44828,4.51724,0.907809,1.25E-09,761.317,916.92,0,355.927,411.813
4.44828,4.65517,0.924618,1.43E-09,761.317,916.92,0,355.415,411.81
4.44828,4.7931,0.941878,1.65E-09,761.317,916.92,0,354.895,411.806
4.44828,4.93103,0.960268,1.91E-09,761.317,916.92,0,354.353,411.802
4.44828,5.06897,0.979393,2.24E-09,761.317,916.92,0,353.797,411.798
4.44828,5.2069,0.979393,2.24E-09,761.317,916.92,0,353.797,411.798
4.44828,5.34483,0.979393,2.24E-09,761.317,916.92,0,353.797,411.798
4.44828,5.48276,0.979393,2.24E-09,761.317,916.92,0,353.797,411.798
4.44828,5.62069,1,0.0223376,761.317,916.92,0,353.317,358.618
4.44828,5.75862,1,0.046112,761.317,916.92,0,353.317,358.709
4.44828,5.89655,1,0.0685762,761.317,916.92,0,353.317,358.801
4.44828,6.03448,1,0.0902184,761.317,916.92,0,353.317,358.899
4.44828,6.17241,1,0.110957,761.317,916.92,0,353.317,359
4.44828,6.31034,1,0.130668,761.317,916.92,0,353.317,359.105
4.44828,6.44828,1,0.149429,761.317,916.92,0,353.317,359.211
4.44828,6.58621,1,0.167601,761.317,916.92,0,353.317,359.321
4.44828,6.72414,1,0.184975,761.317,916.92,0,353.317,359.437
4.44828,6.86207,1,0.201692,761.317,916.92,0,353.317,359.559
4.44828,7,1,0.217656,761.317,916.92,0,353.317,359.684
4.60345,3,0.794261,5.01E-10,761.317,916.92,0,359.636,411.829
4.60345,3.13793,0.805031,5.56E-10,761.317,916.92,0,359.266,411.828
4.60345,3.27586,0.815753,6.17E-10,761.317,916.92,0,358.897,411.827
4.60345,3.41379,0.826949,6.87E-10,761.317,916.92,0,358.521,411.825
4.60345,3.55172,0.838444,7.65E-10,761.317,916.92,0,358.141,411.824
4.60345,3.68966,0.850131,8.55E-10,761.317,916.92,0,357.754,411.822
4.60345,3.82759,0.862411,9.57E-10,761.317,916.92,0,357.357,411.821
4.60345,3.96552,0.875155,1.07E-09,761.317,916.92,0,356.949,411.819
4.60345,4.10345,0.888344,1.21E-09,761.317,916.92,0,356.532,411.817
4.60345,4.24138,0.902078,1.37E-09,761.317,916.92,0,356.103,411.815
4.60345,4.37931,0.894203,1.02E-09,761.317,916.92,0,356.35,411.817
4.60345,4.51724,0.909979,1.16E-09,761.317,916.92,0,355.86,411.814
4.60345,4.65517,0.926725,1.33E-09,761.317,916.92,0,355.351,411.812
4.60345,4.7931,0.943998,1.53E-09,761.317,916.92,0,354.833,411.808
4.60345,4.93103,0.962184,1.77E-09,761.317,916.92,0,354.296,411.805
4.60345,5.06897,0.981357,2.07E-09,761.317,916.92,0,353.741,411.801
4.60345,5.2069,0.981357,2.07E-09,761.317,916.92,0,353.741,411.801
4.60345,5.34483,0.981357,2.07E-09,761.317,916.92,0,353.741,411.801
4.60345,5.48276,0.981357,2.07E-09,761.317,916.92,0,353.741,411.801
4.60345,5.62069,1,0.0212245,761.317,916.92,0,353.317,358.499
4.60345,5.75862,1,0.04506,761.317,916.92,0,353.317,358.589
4.60345,5.89655,1,0.0676368,761.317,916.92,0,353.317,358.681
4.60345,6.03448,1,0.0894429,761.317,916.92,0,353.317,358.779
4.60345,6.17241,1,0.109977,761.317,916.92,0,353.317,358.876
4.60345,6.31034,1,0.129883,761.317,916.92,0,353.317,358.981
4.60345,6.44828,1,0.148666,761.317,916.92,0,353.317,359.087
4.60345,6.58621,1,0.166784,761.317,916.92,0,353.317,359.198
4.60345,6.72414,1,0.184191,761.317,916.92,0,353.317,359.312
4.60345,6.86207,1,0.200823,761.317,916.92,0,353.317,359.432
4.60345,7,1,0.216866,761.317,916.92,0,353.317,359.556
4.75862,3,0.797206,4.74E-10,761.317,916.92,0,359.532,411.83
4.75862,3.13793,0.807986,5.25E-10,761.317,916.92,0,359.164,411.829
4.75862,3.27586,0.819033,5.83E-10,761.317,916.92,0,358.79,411.828
4.75862,3.41379,0.830204,6.48E-10,761.317,916.92,0,358.414,411.827
4.75862,3.55172,0.841441,7.20E-10,761.317,916.92,0,358.041,411.825
4.75862,3.68966,0.853267,8.04E-10,761.317,916.92,0,357.653,411.824
4.75862,3.82759,0.865697,8.99E-10,761.317,916.92,0,357.252,411.822
4.75862,3.96552,0.878214,1.01E-09,761.317,916.92,0,356.85,411.82
4.75862,4.10345,0.891582,1.13E-09,761.317,916.92,0,356.432,411.819
4.75862,4.24138,0.905302,1.28E-09,761.317,916.92,0,356.006,411.816
4.75862,4.37931,0.919558,1.45E-09,761.317,916.92,0,355.568,411.814
4.75862,4.51724,0.912269,1.08E-09,761.317,916.92,0,355.791,411.816
4.75862,4.65517,0.928709,1.24E-09,761.317,916.92,0,355.29,411.814
4.75862,4.7931,0.946176,1.42E-09,761.317,916.92,0,354.768,411.811
4.75862,4.93103,0.964332,1.64E-09,761.317,916.92,0,354.234,411.807
4.75862,5.06897,0.98328,1.92E-09,761.317,916.92,0,353.685,411.803
4.75862,5.2069,0.98328,1.92E-09,761.317,916.92,0,353.685,411.803
4.75862,5.34483,0.98328,1.92E-09,761.317,916.92,0,353.685,411.803
4.75862,5.48276,0.98328,1.92E-09,761.317,916.92,0,353.685,411.803
4.75862,5.62069,1,0.0200871,761.317,916.92,0,353.317,358.386
4.75862,5.75862,1,0.0439726,761.317,916.92,0,353.317,358.475
4.75862,5.89655,1,0.0666184,761.317,916.92,0,353.317,358.567
4.75862,6.03448,1,0.0884555,761.317,916.92,0,353.317,358.663
4.75862,6.17241,1,0.109012,761.317,916.92,0,353.317,358.76
4.75862,6.31034,1,0.128971,761.317,916.92,0,353.317,358.863
4.75862,6.44828,1,0.14796,761.317,916.92,0,353.317,358.97
4.75862,6.58621,1,0.165979,761.317,916.92,0,353.317,359.079
4.75862,6.72414,1,0.183405,761.317,916.92,0,353.317,359.193
4.75862,6.86207,1,0.200218,761.317,916.92,0,353.317,359.311
4.75862,7,1,0.216313,761.317,916.92,0,353.317,359.435
4.91379,3,0.800432,4.49E-10,761.317,916.92,0,359.424,411.831
4.91379,3.13793,0.810929,4.97E-10,761.317,916.92,0,359.061,411.83
4.91379,3.27586,0.82195,5.51E-10,761.317,916.92,0,358.69,411.829
4.91379,3.41379,0.833353,6.12E-10,761.317,916.92,0,358.311,411.828
4.91379,3.55172,0.844778,6.81E-10,761.317,916.92,0,357.93,411.826
4.91379,3.68966,0.856404,7.58E-10,761.317,916.92,0,357.551,411.825
4.91379,3.82759,0.868698,8.47E-10,761.317,916.92,0,357.156,411.823
4.91379,3.96552,0.881526,9.49E-10,761.317,916.92,0,356.749,411.822
4.91379,4.10345,0.89453,1.07E-09,761.317,916.92,0,356.338,411.82
4.91379,4.24138,0.908188,1.20E-09,761.317,916.92,0,355.915,411.818
4.91379,4.37931,0.922439,1.36E-09,761.317,916.92,0,355.479,411.816
4.91379,4.51724,0.914453,1.02E-09,761.317,916.92,0,355.724,411.818
4.91379,4.65517,0.93084,1.16E-09,761.317,916.92,0,355.225,411.815
4.91379,4.7931,0.948281,1.33E-09,761.317,916.92,0,354.706,411.813
4.91379,4.93103,0.966274,1.53E-09,761.317,916.92,0,354.176,411.809
4.91379,5.06897,0.985308,1.78E-09,761.317,916.92,0,353.628,411.806
4.91379,5.2069,0.985308,1.78E-09,761.317,916.92,0,353.628,411.806
4.91379,5.34483,0.985308,1.78E-09,761.317,916.92,0,353.628,411.806
4.91379,5.48276,0.985308,1.78E-09,761.317,916.92,0,353.628,411.806
4.91379,5.62069,1,0.0189304,761.317,916.92,0,353.317,358.278
4.91379,5.75862,1,0.042774,761.317,916.92,0,353.317,358.365
4.91379,5.89655,1,0.0656032,761.317,916.92,0,353.317,358.457
4.91379,6.03448,1,0.0874556,761.317,916.92,0,353.317,358.552
4.91379,6.17241,1,0.108098,761.317,916.92,0,353.317,358.649
4.91379,6.31034,1,0.127984,761.317,916.92,0,353.317,358.749
4.91379,6.44828,1,0.147156,761.317,916.92,0,353.317,358.856
4.91379,6.58621,1,0.165279,761.317,916.92,0,353.317,358.966
4.91379,6.72414,1,0.182635,761.317,916.92,0,353.317,359.079
4.91379,6.86207,1,0.19945,761.317,916.92,0,353.317,359.196
4.91379,7,1,0.215602,761.317,916.92,0,353.317,359.319
5.06897,3,0.803324,4.26E-10,761.317,916.92,0,359.323,411.832
5.06897,3.13793,0.814142,4.71E-10,761.317,916.92,0,358.955,411.831
5.06897,3.27586,0.82493,5.22E-10,761.317,916.92,0,358.588,411.83
5.06897,3.41379,0.836182,5.80E-10,761.317,916.92,0,358.213,411.829
5.06897,3.55172,0.847725,6.44E-10,761.317,916.92,0,357.833,411.827
5.06897,3.68966,0.859603,7.16E-10,761.317,916.92,0,357.448,411.826
5.06897,3.82759,0.871774,8.00E-10,761.317,916.92,0,357.057,411.825
5.06897,3.96552,0.884427,8.95E-10,761.317,916.92,0,356.655,411.823
5.06897,4.10345,0.897559,1.00E-09,761.317,916.92,0,356.243,411.821
5.06897,4.24138,0.911263,1.13E-09,761.317,916.92,0,355.821,411.819
5.06897,4.37931,0.925467,1.28E-09,761.317,916.92,0,355.388,411.817
5.06897,4.51724,0.940378,1.45E-09,761.317,916.92,0,354.94,411.815
5.06897,4.65517,0.933142,1.08E-09,761.317,916.92,0,355.158,411.817
5.06897,4.7931,0.950376,1.24E-09,761.317,916.92,0,354.644,411.814
5.06897,4.93103,0.968315,1.43E-09,761.317,916.92,0,354.117,411.811
5.06897,5.06897,0.987272,1.66E-09,761.317,916.92,0,353.571,411.808
5.06897,5.2069,0.987272,1.66E-09,761.317,916.92,0,353.571,411.808
5.06897,5.34483,0.987272,1.66E-09,761.317,916.92,0,353.571,411.808
5.06897,5.48276,0.987272,1.66E-09,761.317,916.92,0,353.571,411.808
5.06897,5.62069,1,0.0177414,761.317,916.92,0,353.317,358.175
5.06897,5.75862,1,0.0416704,761.317,916.92,0,353.317,358.262
5.06897,5.89655,1,0.06468,761.317,916.92,0,353.317,358.353
5.06897,6.03448,1,0.0864319,761.317,916.92,0,353.317,358.445
5.06897,6.17241,1,0.107295,761.317,916.92,0,353.317,358.543
5.06897,6.31034,1,0.127005,761.317,916.92,0,353.317,358.642
5.06897,6.44828,1,0.146244,761.317,916.92,0,353.317,358.748
5.06897,6.58621,1,0.164524,761.317,916.92,0,353.317,358.856
5.06897,6.72414,1,0.182,761.317,916.92,0,353.317,358.97
5.06897,6.86207,1,0.198685,761.317,916.92,0,353.317,359.086
5.06897,7,1,0.214862,761.317,916.92,0,353.317,359.208
5.22414,3,0.806321,4.05E-10,761.317,916.92,0,359.223,411.833
5.22414,3.13793,0.817064,4.48E-10,761.317,916.92,0,358.855,411.832
5.22414,3.27586,0.828172,4.96E-10,761.317,916.92,0,358.483,411.831
5.22414,3.41379,0.83943,5.50E-10,761.317,916.92,0,358.108,411.83
5.22414,3.55172,0.850825,6.10E-10,761.317,916.92,0,357.732,411.828
5.22414,3.68966,0.862619,6.78E-10,761.317,916.92,0,357.352,411.827
5.22414,3.82759,0.874786,7.56E-10,761.317,916.92,0,356.96,411.826
5.22414,3.96552,0.887655,8.45E-10,761.317,916.92,0,356.555,411.824
5.22414,4.10345,0.900806,9.48E-10,761.317,916.92,0,356.145,411.823
5.22414,4.24138,0.914394,1.07E-09,761.317,916.92,0,355.726,411.821
5.22414,4.37931,0.92843,1.21E-09,761.317,916.92,0,355.298,411.819
5.22414,4.51724,0.943381,1.37E-09,761.317,916.92,0,354.852,411.817
5.22414,4.65517,0.935286,1.02E-09,761.317,916.92,0,355.093,411.819
5.22414,4.7931,0.952346,1.16E-09,761.317,916.92,0,354.584,411.816
5.22414,4.93103,0.970455,1.34E-09,761.317,916.92,0,354.055,411.813
5.22414,5.06897,0.989277,1.55E-09,761.317,916.92,0,353.514,411.81
5.22414,5.2069,0.989277,1.55E-09,761.317,916.92,0,353.514,411.81
5.22414,5.34483,0.989277,1.55E-09,761.317,916.92,0,353.514,411.81
5.22414,5.48276,0.989277,1.55E-09,761.317,916.92,0,353.514,411.81
5.22414,5.62069,1,0.0165376,761.317,916.92,0,353.317,358.076
5.22414,5.75862,1,0.0405444,761.317,916.92,0,353.317,358.163
5.22414,5.89655,1,0.0635458,761.317,916.92,0,353.317,358.253
5.22414,6.03448,1,0.0852727,761.317,916.92,0,353.317,358.343
5.22414,6.17241,1,0.106277,761.317,916.92,0,353.317,358.441
5.22414,6.31034,1,0.126126,761.317,916.92,0,353.317,358.539
5.22414,6.44828,1,0.145219,761.317,916.92,0,353.317,358.642
5.22414,6.58621,1,0.163714,761.317,916.92,0,353.317,358.751
5.22414,6.72414,1,0.181271,761.317,916.92,0,353.317,358.863
5.22414,6.86207,1,0.197931,761.317,916.92,0,353.317,358.98
5.22414,7,1,0.214125,761.317,916.92,0,353.317,359.101
5.37931,3,0.809059,3.86E-10,761.317,916.92,0,359.127,411.834
5.37931,3.13793,0.820073,4.26E-10,761.317,916.92,0,358.755,411.833
5.37931,3.27586,0.831111,4.72E-10,761.317,916.92,0,358.384,411.832
5.37931,3.41379,0.842397,5.22E-10,761.317,916.92,0,358.01,411.831
5.37931,3.55172,0.853999,5.79E-10,761.317,916.92,0,357.63,411.829
5.37931,3.68966,0.865787,6.43E-10,761.317,916.92,0,357.25,411.828
5.37931,3.82759,0.877862,7.17E-10,761.317,916.92,0,356.862,411.827
5.37931,3.96552,0.890577,8.01E-10,761.317,916.92,0,356.462,411.825
5.37931,4.10345,0.90367,8.97E-10,761.317,916.92,0,356.054,411.824
5.37931,4.24138,0.917317,1.01E-09,761.317,916.92,0,355.636,411.822
5.37931,4.37931,0.931554,1.14E-09,761.317,916.92,0,355.205,411.82
5.37931,4.51724,0.946187,1.29E-09,761.317,916.92,0,354.767,411.818
5.37931,4.65517,0.937232,9.58E-10,761.317,916.92,0,355.034,411.82
5.37931,4.7931,0.954549,1.09E-09,761.317,916.92,0,354.521,411.817
5.37931,4.93103,0.97243,1.26E-09,761.317,916.92,0,353.998,411.815
5.37931,5.06897,0.991261,1.46E-09,761.317,916.92,0,353.457,411.811
5.37931,5.2069,0.991261,1.46E-09,761.317,916.92,0,353.457,411.811
5.37931,5.34483,0.991261,1.46E-09,761.317,916.92,0,353.457,411.811
5.37931,5.48276,0.991261,1.46E-09,761.317,916.92,0,353.457,411.811
5.37931,5.62069,1,0.0153064,761.317,916.92,0,353.317,357.982
5.37931,5.75862,1,0.0394006,761.317,916.92,0,353.317,358.067
5.37931,5.89655,1,0.0624437,761.317,916.92,0,353.317,358.156
5.37931,6.03448,1,0.0842297,761.317,916.92,0,353.317,358.246
5.37931,6.17241,1,0.105266,761.317,916.92,0,353.317,358.342
5.37931,6.31034,1,0.125157,761.317,916.92,0,353.317,358.441
5.37931,6.44828,1,0.144391,761.317,916.92,0,353.317,358.542
5.37931,6.58621,1,0.16281,761.317,916.92,0,353.317,358.65
5.37931,6.72414,1,0.180381,761.317,916.92,0,353.317,358.762
5.37931,6.86207,1,0.197298,761.317,916.92,0,353.317,358.878
5.37931,7,1,0.213396,761.317,916.92,0,353.317,358.998
5.53448,3,0.81188,3.68E-10,761.317,916.92,0,359.028,411.835
5.53448,3.13793,0.822839,4.06E-10,761.317,916.92,0,358.66,411.834
5.53448,3.27586,0.833997,4.49E-10,761.317,916.92,0,358.288,411.833
5.53448,3.41379,0.845447,4.97E-10,761.317,916.92,0,357.911,411.831
5.53448,3.55172,0.857007,5.51E-10,761.317,916.92,0,357.532,411.83
5.53448,3.68966,0.868801,6.11E-10,761.317,916.92,0,357.153,411.829
5.53448,3.82759,0.88107,6.80E-10,761.317,916.92,0,356.763,411.828
5.53448,3.96552,0.893714,7.59E-10,761.317,916.92,0,356.364,411.826
5.53448,4.10345,0.90687,8.50E-10,761.317,916.92,0,355.957,411.825
5.53448,4.24138,0.920436,9.54E-10,761.317,916.92,0,355.542,411.823
5.53448,4.37931,0.934434,1.08E-09,761.317,916.92,0,355.118,411.821
5.53448,4.51724,0.949245,1.22E-09,761.317,916.92,0,354.677,411.819
5.53448,4.65517,0.964556,1.39E-09,761.317,916.92,0,354.227,411.817
5.53448,4.7931,0.956534,1.03E-09,761.317,916.92,0,354.461,411.819
5.53448,4.93103,0.974566,1.18E-09,761.317,916.92,0,353.936,411.816
5.53448,5.06897,0.993276,1.37E-09,761.317,916.92,0,353.4,411.813
5.53448,5.2069,0.993276,1.37E-09,761.317,916.92,0,353.4,411.813
5.53448,5.34483,0.993276,1.37E-09,761.317,916.92,0,353.4,411.813
5.53448,5.48276,0.993276,1.37E-09,761.317,916.92,0,353.4,411.813
5.53448,5.62069,1,0.0140594,761.317,916.92,0,353.317,357.891
5.53448,5.75862,1,0.0382329,761.317,916.92,0,353.317,357.976
5.53448,5.89655,1,0.0613231,761.317,916.92,0,353.317,358.063
5.53448,6.03448,1,0.0831714,761.317,916.92,0,353.317,358.153
5.53448,6.17241,1,0.104291,761.317,916.92,0,353.317,358.247
5.53448,6.31034,1,0.124222,761.317,916.92,0,353.317,358.345
5.53448,6.44828,1,0.143418,761.317,916.92,0,353.317,358.446
5.53448,6.58621,1,0.161825,761.317,916.92,0,353.317,358.552
5.53448,6.72414,1,0.179598,761.317,916.92,0,353.317,358.664
5.53448,6.86207,1,0.196565,761.317,916.92,0,353.317,358.779
5.53448,7,1,0.212775,761.317,916.92,0,353.317,358.899
5.68966,3,0.81498,3.52E-10,761.317,916.92,0,358.927,411.835
5.68966,3.13793,0.825693,3.88E-10,761.317,916.92,0,358.562,411.834
5.68966,3.27586,0.83685,4.29E-10,761.317,916.92,0,358.191,411.833
5.68966,3.41379,0.848218,4.74E-10,761.317,916.92,0,357.817,411.832
5.68966,3.55172,0.859837,5.25E-10,761.317,916.92,0,357.439,411.831
5.68966,3.68966,0.871867,5.83E-10,761.317,916.92,0,357.055,411.83
5.68966,3.82759,0.883961,6.47E-10,761.317,916.92,0,356.671,411.829
5.68966,3.96552,0.896742,7.21E-10,761.317,916.92,0,356.271,411.827
5.68966,4.10345,0.909714,8.07E-10,761.317,916.92,0,355.868,411.826
5.68966,4.24138,0.923305,9.05E-10,761.317,916.92,0,355.453,411.824
5.68966,4.37931,0.937548,1.02E-09,761.317,916.92,0,355.026,411.822
5.68966,4.51724,0.952066,1.15E-09,761.317,916.92,0,354.593,411.82
5.68966,4.65517,0.967337,1.31E-09,761.317,916.92,0,354.145,411.818
5.68966,4.7931,0.958732,9.73E-10,761.317,916.92,0,354.398,411.82
5.68966,4.93103,0.976587,1.12E-09,761.317,916.92,0,353.878,411.818
5.68966,5.06897,0.995282,1.29E-09,761.317,916.92,0,353.343,411.815
5.68966,5.2069,0.995282,1.29E-09,761.317,916.92,0,353.343,411.815
5.68966,5.34483,0.995282,1.29E-09,761.317,916.92,0,353.343,411.815
5.68966,5.48276,0.995282,1.29E-09,761.317,916.92,0,353.343,411.815
5.68966,5.62069,1,0.0127945,761.317,916.92,0,353.317,357.804
5.68966,5.75862,1,0.0371412,761.317,916.92,0,353.317,357.889
5.68966,5.89655,1,0.0601576,761.317,916.92,0,353.317,357.974
5.68966,6.03448,1,0.0821065,761.317,916.92,0,353.317,358.063
5.68966,6.17241,1,0.103229,761.317,916.92,0,353.317,358.157
5.68966,6.31034,1,0.123405,761.317,916.92,0,353.317,358.254
5.68966,6.44828,1,0.142464,761.317,916.92,0,353.317,358.355
5.68966,6.58621,1,0.16102,761.317,916.92,0,353.317,358.458
5.68966,6.72414,1,0.178791,761.317,916.92,0,353.317,358.569
5.68966,6.86207,1,0.195807,761.317,916.92,0,353.317,358.683
5.68966,7,1,0.212082,761.317,916.92,0,353.317,358.803
5.84483,3,0.81772,3.37E-10,761.317,916.92,0,358.833,411.836
5.84483,3.13793,0.828798,3.71E-10,761.317,916.92,0,358.462,411.835
5.84483,3.27586,0.839913,4.09E-10,761.317,916.92,0,358.091,411.834
5.84483,3.41379,0.85121,4.52E-10,761.317,916.92,0,357.72,411.833
5.84483,3.55172,0.862854,5.01E-10,761.317,916.92,0,357.342,411.832
5.84483,3.68966,0.87485,5.55E-10,761.317,916.92,0,356.959,411.831
5.84483,3.82759,0.88696,6.16E-10,761.317,916.92,0,356.576,411.83
5.84483,3.96552,0.899639,6.87E-10,761.317,916.92,0,356.18,411.828
5.84483,4.10345,0.912715,7.67E-10,761.317,916.92,0,355.775,411.827
5.84483,4.24138,0.926423,8.60E-10,761.317,916.92,0,355.36,411.825
5.84483,4.37931,0.940372,9.67E-10,761.317,916.92,0,354.941,411.823
5.84483,4.51724,0.955107,1.09E-09,761.317,916.92,0,354.504,411.822
5.84483,4.65517,0.970345,1.24E-09,761.317,916.92,0,354.059,411.819
5.84483,4.7931,0.986168,1.42E-09,761.317,916.92,0,353.603,411.817
5.84483,4.93103,0.978576,1.05E-09,761.317,916.92,0,353.82,411.819
5.84483,5.06897,0.978576,1.05E-09,761.317,916.92,0,353.82,411.819
5.84483,5.2069,0.978576,1.05E-09,761.317,916.92,0,353.82,411.819
5.84483,5.34483,0.978576,1.05E-09,761.317,916.92,0,353.82,411.819
5.84483,5.48276,0.978576,1.05E-09,761.317,916.92,0,353.82,411.819
5.84483,5.62069,1,0.0115187,761.317,916.92,0,353.317,357.721
5.84483,5.75862,1,0.0358962,761.317,916.92,0,353.317,357.804
5.84483,5.89655,1,0.0590029,761.317,916.92,0,353.317,357.889
5.84483,6.03448,1,0.081019,761.317,916.92,0,353.317,357.977
5.84483,6.17241,1,0.102196,761.317,916.92,0,353.317,358.07
5.84483,6.31034,1,0.122367,761.317,916.92,0,353.317,358.166
5.84483,6.44828,1,0.141566,761.317,916.92,0,353.317,358.265
5.84483,6.58621,1,0.160073,761.317,916.92,0,353.317,358.369
5.84483,6.72414,1,0.17795,761.317,916.92,0,353.317,358.478
5.84483,6.86207,1,0.194937,761.317,916.92,0,353.317,358.592
5.84483,7,1,0.211362,761.317,916.92,0,353.317,358.71
6,3,0.820575,3.22E-10,761.317,916.92,0,358.738,411.837
6,3.13793,0.831581,3.55E-10,761.317,916.92,0,358.368,411.836
6,3.27586,0.842766,3.92E-10,761.317,916.92,0,357.997,411.835
6,3.41379,0.854201,4.33E-10,761.317,916.92,0,357.623,411.834
6,3.55172,0.865938,4.78E-10,761.317,916.92,0,357.244,411.833
6,3.68966,0.877887,5.30E-10,761.317,916.92,0,356.862,411.832
6,3.82759,0.89002,5.88E-10,761.317,916.92,0,356.479,411.83
6,3.96552,0.902698,6.54E-10,761.317,916.92,0,356.085,411.829
6,4.10345,0.915862,7.30E-10,761.317,916.92,0,355.682,411.828
6,4.24138,0.929236,8.18E-10,761.317,916.92,0,355.274,411.826
6,4.37931,0.943462,9.20E-10,761.317,916.92,0,354.849,411.824
6,4.51724,0.957993,1.04E-09,761.317,916.92,0,354.419,411.823
6,4.65517,0.973173,1.18E-09,761.317,916.92,0,353.977,411.821
6,4.7931,0.988968,1.34E-09,761.317,916.92,0,353.522,411.818
6,4.93103,0.980715,9.97E-10,761.317,916.92,0,353.759,411.82
6,5.06897,0.980715,9.97E-10,761.317,916.92,0,353.759,411.82
6,5.2069,0.980715,9.97E-10,761.317,916.92,0,353.759,411.82
6,5.34483,0.980715,9.97E-10,761.317,916.92,0,353.759,411.82
6,5.48276,0.980715,9.97E-10,761.317,916.92,0,353.759,411.82
6,5.62069,1,0.010226,761.317,916.92,0,353.317,357.641
6,5.75862,1,0.034636,761.317,916.92,0,353.317,357.722
6,5.89655,1,0.057829,761.317,916.92,0,353.317,357.806
6,6.03448,1,0.0800599,761.317,916.92,0,353.317,357.895
6,6.17241,1,0.101008,761.317,916.92,0,353.317,357.985
6,6.31034,1,0.121403,761.317,916.92,0,353.317,358.081
6,6.44828,1,0.140747,761.317,916.92,0,353.317,358.181
6,6.58621,1,0.159144,761.317,916.92,0,353.317,358.283
6,6.72414,1,0.176974,761.317,916.92,0,353.317,358.39
6,6.86207,1,0.194158,761.317,916.92,0,353.317,358.503
6,7,1,0.210512,761.317,916.92,0,353.317,358.621
