(Input Var1)Condenser_Specification_Value,(Input Var2)Temperature (K),(Output Var1)Distillate - Molar Fraction (Liquid 1) / Benzene (),(Output Var2)QC - Energy Flow (kW),(Output Var3)QR - Energy Flow (kW),(Output Var4)Bottoms - Molar Fraction (Liquid 1) / Benzene (),(Input Var3)Feed - Molar Fraction (Vapor) (),(Input Var4)Stage_Temperature_1 (K),(Input Var5) Stage_Temperature_20 (K)
1.5,298,1,412.535,574.442,0.0133481,0,353.317,362.826
1.5,301.517,1,412.535,568.694,0.0133567,0,353.317,362.921
1.5,305.034,1,412.535,562.895,0.0133602,0,353.317,363.02
1.5,308.552,1,412.535,557.045,0.0133737,0,353.317,363.121
1.5,312.069,1,412.535,551.155,0.0132929,0,353.317,363.223
1.5,315.586,1,412.535,545.206,0.0132873,0,353.317,363.329
1.5,319.103,1,412.535,539.206,0.0132755,0,353.317,363.439
1.5,322.621,1,412.535,533.155,0.0132712,0,353.317,363.551
1.5,326.138,1,412.535,527.04,0.0133526,0,353.317,363.671
1.5,329.655,1,412.535,520.881,0.0133648,0,353.317,363.792
1.5,333.172,1,412.535,514.681,0.0132896,0,353.317,363.916
1.5,336.69,1,412.535,508.421,0.0132838,0,353.317,364.043
1.5,340.207,1,412.535,502.108,0.0132687,0,353.317,364.175
1.5,343.724,1,412.535,495.73,0.0133595,0,353.317,364.316
1.5,347.241,1,412.535,489.317,0.0133038,0,353.317,364.455
1.5,350.759,1,412.535,482.845,0.0132889,0,353.317,364.601
1.5,354.276,1,412.535,476.307,0.0133762,0,353.317,364.757
1.5,357.793,1,412.535,469.728,0.0133649,0,353.317,364.913
1.5,361.31,1,412.535,463.091,0.0133824,0,353.317,365.076
1.5,364.828,1,412.535,456.403,0.0133741,0,353.317,365.244
1.5,368.345,1,412.535,449.668,0.0132923,0,353.317,365.417
1.5,371.862,1,412.535,442.869,0.0132923,0,353.317,365.598
1.5,375.379,1,412.535,442.869,0.0132923,0.174676,353.317,365.598
1.5,378.897,1,412.535,442.869,0.0132923,0.324689,353.317,365.598
1.5,382.414,1,412.535,442.869,0.0132923,0.463553,353.317,365.598
1.5,385.931,1,412.535,442.869,0.0132923,0.604735,353.317,365.598
1.5,389.448,1,412.535,137.215,0.0133288,0.762021,353.317,388.573
1.5,392.966,1,412.535,137.215,0.0133288,0.954088,353.317,388.573
1.5,396.483,1,412.535,137.215,0.0133288,1,353.317,388.573
1.5,400,1,412.535,137.215,0.0133288,1,353.317,388.573
1.65517,298,1,438.14,600.055,0.0132847,0,353.317,362.423
1.65517,301.517,1,438.14,594.308,0.013282,0,353.317,362.509
1.65517,305.034,1,438.14,588.512,0.0132693,0,353.317,362.599
1.65517,308.552,1,438.14,582.656,0.013342,0,353.317,362.693
1.65517,312.069,1,438.14,576.756,0.0133467,0,353.317,362.788
1.65517,315.586,1,438.14,570.805,0.0133545,0,353.317,362.886
1.65517,319.103,1,438.14,564.802,0.0133595,0,353.317,362.987
1.65517,322.621,1,438.14,558.748,0.013372,0,353.317,363.091
1.65517,326.138,1,438.14,552.651,0.0132939,0,353.317,363.197
1.65517,329.655,1,438.14,546.496,0.0132876,0,353.317,363.306
1.65517,333.172,1,438.14,540.288,0.0132763,0,353.317,363.419
1.65517,336.69,1,438.14,534.028,0.0132718,0,353.317,363.535
1.65517,340.207,1,438.14,527.704,0.0133506,0,353.317,363.659
1.65517,343.724,1,438.14,521.336,0.0133624,0,353.317,363.783
1.65517,347.241,1,438.14,514.924,0.0132896,0,353.317,363.91
1.65517,350.759,1,438.14,508.452,0.0132772,0,353.317,364.043
1.65517,354.276,1,438.14,501.917,0.0133499,0,353.317,364.182
1.65517,357.793,1,438.14,495.334,0.0133555,0,353.317,364.325
1.65517,361.31,1,438.14,488.708,0.0132811,0,353.317,364.469
1.65517,364.828,1,438.14,482.011,0.013351,0,353.317,364.623
1.65517,368.345,1,438.14,475.265,0.0133684,0,353.317,364.781
1.65517,371.862,1,438.14,468.478,0.0132711,0,353.317,364.941
1.65517,375.379,1,438.14,468.478,0.0132711,0.174676,353.317,364.941
1.65517,378.897,1,438.14,468.478,0.0132711,0.324689,353.317,364.941
1.65517,382.414,1,438.14,468.478,0.0132711,0.463553,353.317,364.941
1.65517,385.931,1,438.14,468.478,0.0132711,0.604735,353.317,364.941
1.65517,389.448,1,438.14,468.478,0.0132711,0.762021,353.317,364.941
1.65517,392.966,1,438.14,468.478,0.0132711,0.954088,353.317,364.941
1.65517,396.483,1,438.14,468.478,0.0132711,1,353.317,364.941
1.65517,400,1,438.14,468.478,0.0132711,1,353.317,364.941
1.81034,298,1,463.746,625.663,0.0132599,0,353.317,362.054
1.81034,301.517,1,463.746,619.917,0.0132555,0,353.317,362.134
1.81034,305.034,1,463.746,614.12,0.0132517,0,353.317,362.217
1.81034,308.552,1,463.746,608.272,0.0132452,0,353.317,362.302
1.81034,312.069,1,463.746,602.374,0.0132411,0,353.317,362.389
1.81034,315.586,1,463.746,596.425,0.0132313,0,353.317,362.478
1.81034,319.103,1,463.746,590.424,0.0132277,0,353.317,362.57
1.81034,322.621,1,463.746,584.373,0.0132135,0,353.317,362.665
1.81034,326.138,1,463.746,578.252,0.0133447,0,353.317,362.764
1.81034,329.655,1,463.746,572.095,0.0133521,0,353.317,362.864
1.81034,333.172,1,463.746,565.884,0.0133568,0,353.317,362.969
1.81034,336.69,1,463.746,559.622,0.0133687,0,353.317,363.076
1.81034,340.207,1,463.746,553.316,0.013294,0,353.317,363.185
1.81034,343.724,1,463.746,546.95,0.0132888,0,353.317,363.298
1.81034,347.241,1,463.746,540.531,0.013278,0,353.317,363.415
1.81034,350.759,1,463.746,534.05,0.0133434,0,353.317,363.537
1.81034,354.276,1,463.746,527.522,0.0133527,0,353.317,363.662
1.81034,357.793,1,463.746,520.94,0.013358,0,353.317,363.792
1.81034,361.31,1,463.746,514.313,0.0132906,0,353.317,363.922
1.81034,364.828,1,463.746,507.625,0.0132791,0,353.317,364.06
1.81034,368.345,1,463.746,500.883,0.0132633,0,353.317,364.201
1.81034,371.862,1,463.746,494.072,0.0133604,0,353.317,364.352
1.81034,375.379,1,463.746,427.54,0.0133584,0.174676,353.317,366.032
1.81034,378.897,1,463.746,427.54,0.0133584,0.324689,353.317,366.032
1.81034,382.414,1,463.746,427.54,0.0133584,0.463553,353.317,366.032
1.81034,385.931,1,463.746,427.54,0.0133584,0.604735,353.317,366.032
1.81034,389.448,1,463.746,427.54,0.0133584,0.762021,353.317,366.032
1.81034,392.966,1,463.746,427.54,0.0133584,0.954088,353.317,366.032
1.81034,396.483,1,463.746,427.54,0.0133584,1,353.317,366.032
1.81034,400,1,463.746,427.54,0.0133584,1,353.317,366.032
1.96552,298,1,489.352,651.265,0.0133021,0,353.317,361.713
1.96552,301.517,1,489.352,645.517,0.0133096,0,353.317,361.787
1.96552,305.034,1,489.352,639.718,0.0133119,0,353.317,361.864
1.96552,308.552,1,489.352,633.869,0.0133227,0,353.317,361.942
1.96552,312.069,1,489.352,627.969,0.0133244,0,353.317,362.023
1.96552,315.586,1,489.352,622.017,0.0133394,0,353.317,362.106
1.96552,319.103,1,489.352,616.026,0.0132509,0,353.317,362.189
1.96552,322.621,1,489.352,609.974,0.0132447,0,353.317,362.277
1.96552,326.138,1,489.352,603.87,0.0132407,0,353.317,362.366
1.96552,329.655,1,489.352,597.714,0.0132315,0,353.317,362.459
1.96552,333.172,1,489.352,591.506,0.0132287,0,353.317,362.553
1.96552,336.69,1,489.352,585.246,0.0132155,0,353.317,362.651
1.96552,340.207,1,489.352,578.923,0.013293,0,353.317,362.754
1.96552,343.724,1,489.352,572.555,0.0132965,0,353.317,362.858
1.96552,347.241,1,489.352,566.134,0.0133051,0,353.317,362.965
1.96552,350.759,1,489.352,559.66,0.0133163,0,353.317,363.076
1.96552,354.276,1,489.352,553.14,0.0132423,0,353.317,363.189
1.96552,357.793,1,489.352,546.561,0.0132368,0,353.317,363.306
1.96552,361.31,1,489.352,539.927,0.0132259,0,353.317,363.427
1.96552,364.828,1,489.352,533.239,0.0132115,0,353.317,363.551
1.96552,368.345,1,489.352,526.485,0.0132991,0,353.317,363.683
1.96552,371.862,1,489.352,519.685,0.013302,0,353.317,363.818
1.96552,375.379,1,489.352,453.155,0.0132824,0.174676,353.317,365.327
1.96552,378.897,1,489.352,453.155,0.0132824,0.324689,353.317,365.327
1.96552,382.414,1,489.352,453.155,0.0132824,0.463553,353.317,365.327
1.96552,385.931,1,489.352,453.155,0.0132824,0.604735,353.317,365.327
1.96552,389.448,1,489.352,453.155,0.0132824,0.762021,353.317,365.327
1.96552,392.966,1,489.352,134.004,0.0133304,0.954088,353.317,389.2
1.96552,396.483,1,489.352,110.686,0.0133805,1,353.317,394.184
1.96552,400,1,489.352,110.686,0.0133805,1,353.317,394.184
2.12069,298,1,514.957,676.873,0.0132866,0,353.317,361.395
2.12069,301.517,1,514.957,671.125,0.0132898,0,353.317,361.465
2.12069,305.034,1,514.957,665.327,0.0132931,0,353.317,361.535
2.12069,308.552,1,514.957,659.478,0.0132964,0,353.317,361.608
2.12069,312.069,1,514.957,653.578,0.0132987,0,353.317,361.683
2.12069,315.586,1,514.957,647.628,0.0133056,0,353.317,361.759
2.12069,319.103,1,514.957,641.625,0.0133077,0,353.317,361.838
2.12069,322.621,1,514.957,635.571,0.0133176,0,353.317,361.919
2.12069,326.138,1,514.957,629.466,0.0133183,0,353.317,362.003
2.12069,329.655,1,514.957,623.307,0.013332,0,353.317,362.088
2.12069,333.172,1,514.957,617.108,0.0132492,0,353.317,362.174
2.12069,336.69,1,514.957,610.848,0.0132445,0,353.317,362.264
2.12069,340.207,1,514.957,604.534,0.013237,0,353.317,362.357
2.12069,343.724,1,514.957,598.168,0.013233,0,353.317,362.452
2.12069,347.241,1,514.957,591.749,0.0132222,0,353.317,362.55
2.12069,350.759,1,514.957,585.269,0.013286,0,353.317,362.652
2.12069,354.276,1,514.957,578.741,0.0132897,0,353.317,362.757
2.12069,357.793,1,514.957,572.159,0.0132964,0,353.317,362.864
2.12069,361.31,1,514.957,565.524,0.0133054,0,353.317,362.975
2.12069,364.828,1,514.957,558.833,0.0133074,0,353.317,363.091
2.12069,368.345,1,514.957,552.097,0.013239,0,353.317,363.207
2.12069,371.862,1,514.957,545.299,0.0132324,0,353.317,363.328
2.12069,375.379,1,514.957,478.76,0.0132988,0.174676,353.317,364.699
2.12069,378.897,1,514.957,478.76,0.0132988,0.324689,353.317,364.699
2.12069,382.414,1,514.957,478.76,0.0132988,0.463553,353.317,364.699
2.12069,385.931,1,514.957,478.76,0.0132988,0.604735,353.317,364.699
2.12069,389.448,1,514.957,478.76,0.0132988,0.762021,353.317,364.699
2.12069,392.966,1,514.957,478.76,0.0132988,0.954088,353.317,364.699
2.12069,396.483,1,514.957,136.302,0.0132857,1,353.317,388.756
2.12069,400,1,514.957,130.937,0.0132892,1,353.317,389.817
2.27586,298,1,540.563,702.485,0.0132329,0,353.317,361.101
2.27586,301.517,1,540.563,696.738,0.0132215,0,353.317,361.165
2.27586,305.034,1,540.563,690.942,0.0132206,0,353.317,361.23
2.27586,308.552,1,540.563,685.086,0.0132809,0,353.317,361.299
2.27586,312.069,1,540.563,679.186,0.0132842,0,353.317,361.368
2.27586,315.586,1,540.563,673.236,0.0132869,0,353.317,361.439
2.27586,319.103,1,540.563,667.234,0.0132901,0,353.317,361.512
2.27586,322.621,1,540.563,661.18,0.0132929,0,353.317,361.587
2.27586,326.138,1,540.563,655.075,0.0132983,0,353.317,361.664
2.27586,329.655,1,540.563,648.917,0.0133011,0,353.317,361.743
2.27586,333.172,1,540.563,642.708,0.013309,0,353.317,361.824
2.27586,336.69,1,540.563,636.445,0.0133107,0,353.317,361.908
2.27586,340.207,1,540.563,630.13,0.0133219,0,353.317,361.993
2.27586,343.724,1,540.563,623.771,0.0132525,0,353.317,362.08
2.27586,347.241,1,540.563,617.352,0.013248,0,353.317,362.171
2.27586,350.759,1,540.563,610.879,0.0132419,0,353.317,362.264
2.27586,354.276,1,540.563,604.353,0.013238,0,353.317,362.359
2.27586,357.793,1,540.563,597.773,0.0132291,0,353.317,362.458
2.27586,361.31,1,540.563,591.139,0.013218,0,353.317,362.559
2.27586,364.828,1,540.563,584.443,0.0132846,0,353.317,362.665
2.27586,368.345,1,540.563,577.698,0.0132887,0,353.317,362.774
2.27586,371.862,1,540.563,570.898,0.0132958,0,353.317,362.885
2.27586,375.379,1,540.563,504.375,0.0132154,0.174676,353.317,364.129
2.27586,378.897,1,540.563,445.351,0.0132185,0.324689,353.317,365.534
2.27586,382.414,1,540.563,445.351,0.0132185,0.463553,353.317,365.534
2.27586,385.931,1,540.563,445.351,0.0132185,0.604735,353.317,365.534
2.27586,389.448,1,540.563,445.351,0.0132185,0.762021,353.317,365.534
2.27586,392.966,1,540.563,445.351,0.0132185,0.954088,353.317,365.534
2.27586,396.483,1,540.563,445.351,0.0132185,1,353.317,365.534
2.27586,400,1,540.563,156.538,0.0133271,1,353.317,385.153
2.43103,298,1,566.168,728.105,0.0131141,0,353.317,360.83
2.43103,301.517,1,566.168,722.358,0.0131107,0,353.317,360.889
2.43103,305.034,1,566.168,716.561,0.0131056,0,353.317,360.95
2.43103,308.552,1,566.168,710.696,0.0132358,0,353.317,361.012
2.43103,312.069,1,566.168,704.798,0.0132336,0,353.317,361.076
2.43103,315.586,1,566.168,698.848,0.0132273,0,353.317,361.141
2.43103,319.103,1,566.168,692.848,0.0132145,0,353.317,361.209
2.43103,322.621,1,566.168,686.788,0.0132787,0,353.317,361.279
2.43103,326.138,1,566.168,680.683,0.0132818,0,353.317,361.35
2.43103,329.655,1,566.168,674.525,0.0132846,0,353.317,361.424
2.43103,333.172,1,566.168,668.316,0.0132876,0,353.317,361.499
2.43103,336.69,1,566.168,662.054,0.0132916,0,353.317,361.576
2.43103,340.207,1,566.168,655.739,0.0132947,0,353.317,361.655
2.43103,343.724,1,566.168,649.372,0.013301,0,353.317,361.737
2.43103,347.241,1,566.168,642.951,0.0133017,0,353.317,361.821
2.43103,350.759,1,566.168,636.476,0.0133107,0,353.317,361.907
2.43103,354.276,1,566.168,629.948,0.0133224,0,353.317,361.996
2.43103,357.793,1,566.168,623.375,0.0132507,0,353.317,362.086
2.43103,361.31,1,566.168,616.741,0.0132456,0,353.317,362.179
2.43103,364.828,1,566.168,610.052,0.0132393,0,353.317,362.276
2.43103,368.345,1,566.168,603.309,0.0132354,0,353.317,362.375
2.43103,371.862,1,566.168,596.511,0.0132263,0,353.317,362.477
2.43103,375.379,1,566.168,529.972,0.0132878,0.174676,353.317,363.615
2.43103,378.897,1,566.168,470.957,0.0132118,0.324689,353.317,364.883
2.43103,382.414,1,566.168,470.957,0.0132118,0.463553,353.317,364.883
2.43103,385.931,1,566.168,470.957,0.0132118,0.604735,353.317,364.883
2.43103,389.448,1,566.168,470.957,0.0132118,0.762021,353.317,364.883
2.43103,392.966,1,566.168,470.957,0.0132118,0.954088,353.317,364.883
2.43103,396.483,1,566.168,470.957,0.0132118,1,353.317,364.883
2.43103,400,1,566.168,470.957,0.0132118,1,353.317,364.883
2.58621,298,1,591.774,753.709,0.0131257,0,353.317,360.575
2.58621,301.517,1,591.774,747.962,0.0131225,0,353.317,360.631
2.58621,305.034,1,591.774,742.165,0.0131191,0,353.317,360.688
2.58621,308.552,1,591.774,736.317,0.0131147,0,353.317,360.746
2.58621,312.069,1,591.774,730.419,0.0131107,0,353.317,360.806
2.58621,315.586,1,591.774,724.469,0.0131058,0,353.317,360.868
2.58621,319.103,1,591.774,718.469,0.0131022,0,353.317,360.93
2.58621,322.621,1,591.774,712.416,0.0130939,0,353.317,360.995
2.58621,326.138,1,591.774,706.312,0.0130902,0,353.317,361.061
2.58621,329.655,1,591.774,700.157,0.0130831,0,353.317,361.129
2.58621,333.172,1,591.774,693.949,0.0130703,0,353.317,361.198
2.58621,336.69,1,591.774,687.689,0.0130674,0,353.317,361.269
2.58621,340.207,1,591.774,681.376,0.0130508,0,353.317,361.343
2.58621,343.724,1,591.774,675,0.0131318,0,353.317,361.42
2.58621,347.241,1,591.774,668.579,0.0131342,0,353.317,361.497
2.58621,350.759,1,591.774,662.106,0.013137,0,353.317,361.577
2.58621,354.276,1,591.774,655.578,0.0131398,0,353.317,361.659
2.58621,357.793,1,591.774,648.976,0.013297,0,353.317,361.742
2.58621,361.31,1,591.774,642.34,0.0133047,0,353.317,361.829
2.58621,364.828,1,591.774,635.65,0.0133093,0,353.317,361.918
2.58621,368.345,1,591.774,628.905,0.0133201,0,353.317,362.01
2.58621,371.862,1,591.774,622.114,0.0132478,0,353.317,362.104
2.58621,375.379,1,591.774,555.583,0.0132375,0.174676,353.317,363.146
2.58621,378.897,1,591.774,496.553,0.0132901,0.324689,353.317,364.299
2.58621,382.414,1,591.774,440.315,0.0132829,0.463553,353.317,365.674
2.58621,385.931,1,591.774,440.315,0.0132829,0.604735,353.317,365.674
2.58621,389.448,1,591.774,440.315,0.0132829,0.762021,353.317,365.674
2.58621,392.966,1,591.774,440.315,0.0132829,0.954088,353.317,365.674
2.58621,396.483,1,591.774,440.315,0.0132829,1,353.317,365.674
2.58621,400,1,591.774,440.315,0.0132829,1,353.317,365.674
2.74138,298,1,617.38,779.304,0.0132143,0,353.317,360.337
2.74138,301.517,1,617.38,773.567,0.0131309,0,353.317,360.389
2.74138,305.034,1,617.38,767.769,0.0131279,0,353.317,360.442
2.74138,308.552,1,617.38,761.922,0.0131248,0,353.317,360.497
2.74138,312.069,1,617.38,756.022,0.0131227,0,353.317,360.553
2.74138,315.586,1,617.38,750.073,0.0131185,0,353.317,360.61
2.74138,319.103,1,617.38,744.072,0.013115,0,353.317,360.669
2.74138,322.621,1,617.38,738.02,0.0131109,0,353.317,360.729
2.74138,326.138,1,617.38,731.915,0.0131063,0,353.317,360.791
2.74138,329.655,1,617.38,725.759,0.0131022,0,353.317,360.854
2.74138,333.172,1,617.38,719.551,0.0130951,0,353.317,360.919
2.74138,336.69,1,617.38,713.29,0.0130884,0,353.317,360.986
2.74138,340.207,1,617.38,706.977,0.0130836,0,353.317,361.054
2.74138,343.724,1,617.38,700.611,0.0130723,0,353.317,361.124
2.74138,347.241,1,617.38,694.192,0.0130675,0,353.317,361.196
2.74138,350.759,1,617.38,687.72,0.0130578,0,353.317,361.269
2.74138,354.276,1,617.38,681.186,0.013124,0,353.317,361.346
2.74138,357.793,1,617.38,674.604,0.0131266,0,353.317,361.424
2.74138,361.31,1,617.38,667.969,0.0131287,0,353.317,361.505
2.74138,364.828,1,617.38,661.279,0.0131312,0,353.317,361.588
2.74138,368.345,1,617.38,654.535,0.0131353,0,353.317,361.672
2.74138,371.862,1,617.38,647.735,0.0131373,0,353.317,361.76
2.74138,375.379,1,617.38,581.194,0.0131967,0.174676,353.317,362.715
2.74138,378.897,1,617.38,522.159,0.013296,0.324689,353.317,363.768
2.74138,382.414,1,617.38,465.921,0.0132837,0.463553,353.317,365.008
2.74138,385.931,1,617.38,465.921,0.0132837,0.604735,353.317,365.008
2.74138,389.448,1,617.38,465.921,0.0132837,0.762021,353.317,365.008
2.74138,392.966,1,617.38,465.921,0.0132837,0.954088,353.317,365.008
2.74138,396.483,1,617.38,465.921,0.0132837,1,353.317,365.008
2.74138,400,1,617.38,465.921,0.0132837,1,353.317,365.008
2.89655,298,1,642.985,804.915,0.0131725,0,353.317,360.113
2.89655,301.517,1,642.985,799.167,0.0131756,0,353.317,360.162
2.89655,305.034,1,642.985,793.369,0.0131813,0,353.317,360.213
2.89655,308.552,1,642.985,787.519,0.0131961,0,353.317,360.264
2.89655,312.069,1,642.985,781.619,0.0132002,0,353.317,360.317
2.89655,315.586,1,642.985,775.677,0.0131284,0,353.317,360.37
2.89655,319.103,1,642.985,769.676,0.0131251,0,353.317,360.425
2.89655,322.621,1,642.985,763.624,0.0131215,0,353.317,360.481
2.89655,326.138,1,642.985,757.519,0.0131186,0,353.317,360.539
2.89655,329.655,1,642.985,751.363,0.0131145,0,353.317,360.598
2.89655,333.172,1,642.985,745.155,0.0131105,0,353.317,360.658
2.89655,336.69,1,642.985,738.894,0.0131063,0,353.317,360.721
2.89655,340.207,1,642.985,732.58,0.0131022,0,353.317,360.784
2.89655,343.724,1,642.985,726.214,0.0130961,0,353.317,360.85
2.89655,347.241,1,642.985,719.794,0.0130899,0,353.317,360.917
2.89655,350.759,1,642.985,713.322,0.0130847,0,353.317,360.985
2.89655,354.276,1,642.985,706.796,0.0130805,0,353.317,361.056
2.89655,357.793,1,642.985,700.216,0.013073,0,353.317,361.128
2.89655,361.31,1,642.985,693.582,0.0130596,0,353.317,361.203
2.89655,364.828,1,642.985,686.894,0.0130561,0,353.317,361.279
2.89655,368.345,1,642.985,680.142,0.0131199,0,353.317,361.359
2.89655,371.862,1,642.985,673.343,0.0131212,0,353.317,361.44
2.89655,375.379,1,642.985,606.817,0.0130673,0.174676,353.317,362.325
2.89655,378.897,1,642.985,547.772,0.0132245,0.324689,353.317,363.284
2.89655,382.414,1,642.985,491.534,0.0132202,0.463553,353.317,364.408
2.89655,385.931,1,642.985,433.232,0.0132053,0.604735,353.317,365.867
2.89655,389.448,1,642.985,433.232,0.0132053,0.762021,353.317,365.867
2.89655,392.966,1,642.985,433.232,0.0132053,0.954088,353.317,365.867
2.89655,396.483,1,642.985,433.232,0.0132053,1,353.317,365.867
2.89655,400,1,642.985,433.232,0.0132053,1,353.317,365.867
3.05172,298,1,668.591,830.524,0.0131472,0,353.317,359.902
3.05172,301.517,1,668.591,824.776,0.0131497,0,353.317,359.948
3.05172,305.034,1,668.591,818.978,0.0131555,0,353.317,359.995
3.05172,308.552,1,668.591,813.13,0.0131595,0,353.317,360.044
3.05172,312.069,1,668.591,807.23,0.0131624,0,353.317,360.093
3.05172,315.586,1,668.591,801.279,0.0131724,0,353.317,360.144
3.05172,319.103,1,668.591,795.276,0.013179,0,353.317,360.196
3.05172,322.621,1,668.591,789.222,0.013183,0,353.317,360.249
3.05172,326.138,1,668.591,783.124,0.0131276,0,353.317,360.303
3.05172,329.655,1,668.591,776.968,0.0131226,0,353.317,360.358
3.05172,333.172,1,668.591,770.759,0.0131195,0,353.317,360.415
3.05172,336.69,1,668.591,764.498,0.0131168,0,353.317,360.473
3.05172,340.207,1,668.591,758.184,0.0131132,0,353.317,360.532
3.05172,343.724,1,668.591,751.818,0.0131094,0,353.317,360.593
3.05172,347.241,1,668.591,745.398,0.0131056,0,353.317,360.656
3.05172,350.759,1,668.591,738.925,0.0131016,0,353.317,360.72
3.05172,354.276,1,668.591,732.399,0.0130963,0,353.317,360.786
3.05172,357.793,1,668.591,725.818,0.0130906,0,353.317,360.854
3.05172,361.31,1,668.591,719.184,0.0130855,0,353.317,360.923
3.05172,364.828,1,668.591,712.496,0.0130811,0,353.317,360.994
3.05172,368.345,1,668.591,705.753,0.013074,0,353.317,361.067
3.05172,371.862,1,668.591,698.955,0.0130619,0,353.317,361.142
3.05172,375.379,1,668.591,632.414,0.0131399,0.174676,353.317,361.964
3.05172,378.897,1,668.591,573.395,0.0131052,0.324689,353.317,362.847
3.05172,382.414,1,668.591,517.131,0.0132978,0.463553,353.317,363.869
3.05172,385.931,1,668.591,458.837,0.0132011,0.604735,353.317,365.183
3.05172,389.448,1,668.591,458.837,0.0132011,0.762021,353.317,365.183
3.05172,392.966,1,668.591,458.837,0.0132011,0.954088,353.317,365.183
3.05172,396.483,1,668.591,458.837,0.0132011,1,353.317,365.183
3.05172,400,1,668.591,458.837,0.0132011,1,353.317,365.183
3.2069,298,1,694.197,856.132,0.0131338,0,353.317,359.704
3.2069,301.517,1,694.197,850.384,0.0131356,0,353.317,359.748
3.2069,305.034,1,694.197,844.586,0.0131373,0,353.317,359.792
3.2069,308.552,1,694.197,838.738,0.013139,0,353.317,359.837
3.2069,312.069,1,694.197,832.839,0.0131419,0,353.317,359.884
3.2069,315.586,1,694.197,826.888,0.0131447,0,353.317,359.931
3.2069,319.103,1,694.197,820.886,0.0131471,0,353.317,359.98
3.2069,322.621,1,694.197,814.832,0.0131503,0,353.317,360.03
3.2069,326.138,1,694.197,808.727,0.0131581,0,353.317,360.081
3.2069,329.655,1,694.197,802.569,0.0131614,0,353.317,360.133
3.2069,333.172,1,694.197,796.359,0.0131674,0,353.317,360.187
3.2069,336.69,1,694.197,790.096,0.0131814,0,353.317,360.241
3.2069,340.207,1,694.197,783.781,0.0131903,0,353.317,360.297
3.2069,343.724,1,694.197,777.413,0.013195,0,353.317,360.355
3.2069,347.241,1,694.197,771.002,0.0131156,0,353.317,360.413
3.2069,350.759,1,694.197,764.529,0.0131128,0,353.317,360.473
3.2069,354.276,1,694.197,758.003,0.0131088,0,353.317,360.534
3.2069,357.793,1,694.197,751.423,0.0131042,0,353.317,360.597
3.2069,361.31,1,694.197,744.788,0.0131004,0,353.317,360.662
3.2069,364.828,1,694.197,738.099,0.0130958,0,353.317,360.729
3.2069,368.345,1,694.197,731.356,0.0130906,0,353.317,360.797
3.2069,371.862,1,694.197,724.558,0.0130857,0,353.317,360.867
3.2069,375.379,1,694.197,658.023,0.0131166,0.174676,353.317,361.628
3.2069,378.897,1,694.197,599.007,0.0130471,0.324689,353.317,362.442
3.2069,382.414,1,694.197,542.77,0.0130308,0.463553,353.317,363.378
3.2069,385.931,1,694.197,484.443,0.0132029,0.604735,353.317,364.567
3.2069,389.448,1,694.197,484.443,0.0132029,0.762021,353.317,364.567
3.2069,392.966,1,694.197,484.443,0.0132029,0.954088,353.317,364.567
3.2069,396.483,1,694.197,484.443,0.0132029,1,353.317,364.567
3.2069,400,1,694.197,484.443,0.0132029,1,353.317,364.567
3.36207,298,1,719.802,881.738,0.0131276,0,353.317,359.518
3.36207,301.517,1,719.802,875.991,0.013126,0,353.317,359.558
3.36207,305.034,1,719.802,870.193,0.0131273,0,353.317,359.6
3.36207,308.552,1,719.802,864.345,0.0131287,0,353.317,359.643
3.36207,312.069,1,719.802,858.446,0.0131298,0,353.317,359.687
3.36207,315.586,1,719.802,852.496,0.0131302,0,353.317,359.731
3.36207,319.103,1,719.802,846.494,0.013132,0,353.317,359.777
3.36207,322.621,1,719.802,840.44,0.013134,0,353.317,359.824
3.36207,326.138,1,719.802,834.336,0.0131366,0,353.317,359.872
3.36207,329.655,1,719.802,828.178,0.0131397,0,353.317,359.921
3.36207,333.172,1,719.802,821.969,0.0131426,0,353.317,359.971
3.36207,336.69,1,719.802,815.706,0.0131462,0,353.317,360.023
3.36207,340.207,1,719.802,809.392,0.0131541,0,353.317,360.075
3.36207,343.724,1,719.802,803.024,0.0131601,0,353.317,360.129
3.36207,347.241,1,719.802,796.603,0.0131644,0,353.317,360.184
3.36207,350.759,1,719.802,790.128,0.013168,0,353.317,360.241
3.36207,354.276,1,719.802,783.6,0.0131754,0,353.317,360.299
3.36207,357.793,1,719.802,777.017,0.0131956,0,353.317,360.359
3.36207,361.31,1,719.802,770.392,0.0131098,0,353.317,360.418
3.36207,364.828,1,719.802,763.703,0.0131062,0,353.317,360.48
3.36207,368.345,1,719.802,756.96,0.0131028,0,353.317,360.544
3.36207,371.862,1,719.802,750.161,0.0130987,0,353.317,360.61
3.36207,375.379,1,719.802,683.639,0.0130275,0.174676,353.317,361.317
3.36207,378.897,1,719.802,624.601,0.0131394,0.324689,353.317,362.072
3.36207,382.414,1,719.802,568.368,0.0130956,0.463553,353.317,362.931
3.36207,385.931,1,719.802,510.073,0.0130175,0.604735,353.317,364.014
3.36207,389.448,1,719.802,444.5,0.0132033,0.762021,353.317,365.557
3.36207,392.966,1,719.802,444.5,0.0132033,0.954088,353.317,365.557
3.36207,396.483,1,719.802,444.5,0.0132033,1,353.317,365.557
3.36207,400,1,719.802,444.5,0.0132033,1,353.317,365.557
3.51724,298,1,745.408,907.344,0.013123,0,353.317,359.342
3.51724,301.517,1,745.408,901.598,0.0131205,0,353.317,359.38
3.51724,305.034,1,745.408,895.8,0.0131213,0,353.317,359.42
3.51724,308.552,1,745.408,889.951,0.013122,0,353.317,359.46
3.51724,312.069,1,745.408,884.052,0.0131228,0,353.317,359.501
3.51724,315.586,1,745.408,878.102,0.0131213,0,353.317,359.543
3.51724,319.103,1,745.408,872.101,0.0131224,0,353.317,359.587
3.51724,322.621,1,745.408,866.047,0.0131237,0,353.317,359.631
3.51724,326.138,1,745.408,859.942,0.0131249,0,353.317,359.676
3.51724,329.655,1,745.408,853.786,0.0131251,0,353.317,359.722
3.51724,333.172,1,745.408,847.577,0.013127,0,353.317,359.769
3.51724,336.69,1,745.408,841.315,0.0131291,0,353.317,359.817
3.51724,340.207,1,745.408,835,0.0131311,0,353.317,359.867
3.51724,343.724,1,745.408,828.633,0.013135,0,353.317,359.917
3.51724,347.241,1,745.408,822.212,0.0131382,0,353.317,359.969
3.51724,350.759,1,745.408,815.738,0.0131422,0,353.317,360.022
3.51724,354.276,1,745.408,809.21,0.0131452,0,353.317,360.077
3.51724,357.793,1,745.408,802.628,0.01315,0,353.317,360.133
3.51724,361.31,1,745.408,795.992,0.0131619,0,353.317,360.19
3.51724,364.828,1,745.408,789.302,0.01317,0,353.317,360.248
3.51724,368.345,1,745.408,782.557,0.0131747,0,353.317,360.309
3.51724,371.862,1,745.408,775.766,0.013107,0,353.317,360.369
3.51724,375.379,1,745.408,709.24,0.0130618,0.174676,353.317,361.029
3.51724,378.897,1,745.408,650.211,0.0131103,0.324689,353.317,361.728
3.51724,382.414,1,745.408,593.982,0.0130306,0.463553,353.317,362.518
3.51724,385.931,1,745.408,535.68,0.013008,0.604735,353.317,363.509
3.51724,389.448,1,745.408,470.133,0.012991,0.762021,353.317,364.908
3.51724,392.966,1,745.408,470.133,0.012991,0.954088,353.317,364.908
3.51724,396.483,1,745.408,470.133,0.012991,1,353.317,364.908
3.51724,400,1,745.408,470.133,0.012991,1,353.317,364.908
3.67241,298,1,771.013,932.951,0.0131174,0,353.317,359.175
3.67241,301.517,1,771.013,927.204,0.0131177,0,353.317,359.212
3.67241,305.034,1,771.013,921.406,0.013118,0,353.317,359.249
3.67241,308.552,1,771.013,915.557,0.0131185,0,353.317,359.287
3.67241,312.069,1,771.013,909.659,0.0131156,0,353.317,359.326
3.67241,315.586,1,771.013,903.709,0.0131163,0,353.317,359.366
3.67241,319.103,1,771.013,897.707,0.013117,0,353.317,359.407
3.67241,322.621,1,771.013,891.654,0.0131178,0,353.317,359.448
3.67241,326.138,1,771.013,885.549,0.0131184,0,353.317,359.491
3.67241,329.655,1,771.013,879.393,0.0131167,0,353.317,359.534
3.67241,333.172,1,771.013,873.183,0.0131178,0,353.317,359.579
3.67241,336.69,1,771.013,866.922,0.0131191,0,353.317,359.624
3.67241,340.207,1,771.013,860.607,0.0131202,0,353.317,359.671
3.67241,343.724,1,771.013,854.24,0.0131216,0,353.317,359.719
3.67241,347.241,1,771.013,847.82,0.0131223,0,353.317,359.767
3.67241,350.759,1,771.013,841.346,0.0131246,0,353.317,359.817
3.67241,354.276,1,771.013,834.819,0.0131267,0,353.317,359.868
3.67241,357.793,1,771.013,828.237,0.0131292,0,353.317,359.921
3.67241,361.31,1,771.013,821.602,0.0131341,0,353.317,359.974
3.67241,364.828,1,771.013,814.912,0.0131384,0,353.317,360.029
3.67241,368.345,1,771.013,808.167,0.0131418,0,353.317,360.086
3.67241,371.862,1,771.013,801.367,0.013147,0,353.317,360.144
3.67241,375.379,1,771.013,734.843,0.0130786,0.174676,353.317,360.762
3.67241,378.897,1,771.013,675.818,0.0130944,0.324689,353.317,361.41
3.67241,382.414,1,771.013,619.584,0.013052,0.463553,353.317,362.142
3.67241,385.931,1,771.013,561.275,0.0130881,0.604735,353.317,363.052
3.67241,389.448,1,771.013,495.73,0.013068,0.762021,353.317,364.321
3.67241,392.966,1,771.013,495.73,0.013068,0.954088,353.317,364.321
3.67241,396.483,1,771.013,495.73,0.013068,1,353.317,364.321
3.67241,400,1,771.013,495.73,0.013068,1,353.317,364.321
3.82759,298,1,796.619,958.557,0.0131128,0,353.317,359.017
3.82759,301.517,1,796.619,952.81,0.0131128,0,353.317,359.052
3.82759,305.034,1,796.619,947.012,0.0131129,0,353.317,359.087
3.82759,308.552,1,796.619,941.164,0.0131136,0,353.317,359.124
3.82759,312.069,1,796.619,935.265,0.0131137,0,353.317,359.16
3.82759,315.586,1,796.619,929.314,0.0131142,0,353.317,359.198
3.82759,319.103,1,796.619,923.313,0.0131144,0,353.317,359.237
3.82759,322.621,1,796.619,917.26,0.0131148,0,353.317,359.276
3.82759,326.138,1,796.619,911.156,0.0131119,0,353.317,359.316
3.82759,329.655,1,796.619,904.999,0.0131125,0,353.317,359.357
3.82759,333.172,1,796.619,898.789,0.0131131,0,353.317,359.399
3.82759,336.69,1,796.619,892.528,0.0131137,0,353.317,359.442
3.82759,340.207,1,796.619,886.214,0.0131143,0,353.317,359.486
3.82759,343.724,1,796.619,879.847,0.0131126,0,353.317,359.531
3.82759,347.241,1,796.619,873.427,0.0131136,0,353.317,359.577
3.82759,350.759,1,796.619,866.953,0.0131148,0,353.317,359.624
3.82759,354.276,1,796.619,860.426,0.013116,0,353.317,359.672
3.82759,357.793,1,796.619,853.845,0.0131161,0,353.317,359.721
3.82759,361.31,1,796.619,847.21,0.0131181,0,353.317,359.772
3.82759,364.828,1,796.619,840.52,0.0131204,0,353.317,359.824
3.82759,368.345,1,796.619,833.775,0.0131228,0,353.317,359.877
3.82759,371.862,1,796.619,826.976,0.0131251,0,353.317,359.931
3.82759,375.379,1,796.619,760.447,0.0130898,0.174676,353.317,360.511
3.82759,378.897,1,796.619,701.43,0.0130416,0.324689,353.317,361.115
3.82759,382.414,1,796.619,645.184,0.013099,0.463553,353.317,361.794
3.82759,385.931,1,796.619,586.891,0.0130095,0.604735,353.317,362.628
3.82759,389.448,1,796.619,521.335,0.0130661,0.762021,353.317,363.789
3.82759,392.966,1,796.619,441.318,0.012965,0.954088,353.317,365.648
3.82759,396.483,1,796.619,441.318,0.012965,1,353.317,365.648
3.82759,400,1,796.619,441.318,0.012965,1,353.317,365.648
3.98276,298,1,822.225,984.163,0.0131116,0,353.317,358.868
3.98276,301.517,1,822.225,978.415,0.0131131,0,353.317,358.901
3.98276,305.034,1,822.225,972.618,0.013113,0,353.317,358.934
3.98276,308.552,1,822.225,966.77,0.0131097,0,353.317,358.968
3.98276,312.069,1,822.225,960.871,0.0131096,0,353.317,359.003
3.98276,315.586,1,822.225,954.921,0.0131102,0,353.317,359.039
3.98276,319.103,1,822.225,948.919,0.0131102,0,353.317,359.076
3.98276,322.621,1,822.225,942.866,0.0131106,0,353.317,359.113
3.98276,326.138,1,822.225,936.761,0.0131107,0,353.317,359.151
3.98276,329.655,1,822.225,930.604,0.0131107,0,353.317,359.19
3.98276,333.172,1,822.225,924.396,0.0131076,0,353.317,359.23
3.98276,336.69,1,822.225,918.134,0.013108,0,353.317,359.27
3.98276,340.207,1,822.225,911.82,0.0131085,0,353.317,359.312
3.98276,343.724,1,822.225,905.453,0.013109,0,353.317,359.354
3.98276,347.241,1,822.225,899.033,0.0131094,0,353.317,359.398
3.98276,350.759,1,822.225,892.559,0.0131099,0,353.317,359.442
3.98276,354.276,1,822.225,886.033,0.0131078,0,353.317,359.487
3.98276,357.793,1,822.225,879.452,0.0131088,0,353.317,359.534
3.98276,361.31,1,822.225,872.816,0.0131097,0,353.317,359.582
3.98276,364.828,1,822.225,866.127,0.0131109,0,353.317,359.63
3.98276,368.345,1,822.225,859.382,0.013112,0,353.317,359.68
3.98276,371.862,1,822.225,852.584,0.0131123,0,353.317,359.731
3.98276,375.379,1,822.225,786.045,0.0131632,0.174676,353.317,360.277
3.98276,378.897,1,822.225,727.032,0.0130631,0.324689,353.317,360.842
3.98276,382.414,1,822.225,670.792,0.0130854,0.463553,353.317,361.471
3.98276,385.931,1,822.225,612.493,0.0130347,0.604735,353.317,362.243
3.98276,389.448,1,822.225,546.947,0.0130087,0.762021,353.317,363.303
3.98276,392.966,1,822.225,466.923,0.0129693,0.954088,353.317,364.985
3.98276,396.483,1,822.225,443.603,0.0130424,1,353.317,365.589
3.98276,400,1,822.225,438.237,0.0130417,1,353.317,365.736
4.13793,298,1,822.225,438.237,0.0130417,0,353.317,365.736
4.13793,301.517,1,822.225,438.237,0.0130417,0,353.317,365.736
4.13793,305.034,1,822.225,438.237,0.0130417,0,353.317,365.736
4.13793,308.552,1,822.225,438.237,0.0130417,0,353.317,365.736
4.13793,312.069,1,822.225,438.237,0.0130417,0,353.317,365.736
4.13793,315.586,1,822.225,438.237,0.0130417,0,353.317,365.736
4.13793,319.103,1,822.225,438.237,0.0130417,0,353.317,365.736
4.13793,322.621,1,822.225,438.237,0.0130417,0,353.317,365.736
4.13793,326.138,1,822.225,438.237,0.0130417,0,353.317,365.736
4.13793,329.655,1,822.225,438.237,0.0130417,0,353.317,365.736
4.13793,333.172,1,822.225,438.237,0.0130417,0,353.317,365.736
4.13793,336.69,1,822.225,438.237,0.0130417,0,353.317,365.736
4.13793,340.207,1,822.225,438.237,0.0130417,0,353.317,365.736
4.13793,343.724,1,822.225,438.237,0.0130417,0,353.317,365.736
4.13793,347.241,1,847.83,924.639,0.0131047,0,353.317,359.228
4.13793,350.759,1,847.83,918.166,0.0131049,0,353.317,359.27
4.13793,354.276,1,847.83,911.638,0.0131053,0,353.317,359.313
4.13793,357.793,1,847.83,905.057,0.0131056,0,353.317,359.357
4.13793,361.31,1,847.83,898.422,0.013106,0,353.317,359.402
4.13793,364.828,1,847.83,891.734,0.0131036,0,353.317,359.448
4.13793,368.345,1,847.83,884.989,0.0131043,0,353.317,359.495
4.13793,371.862,1,847.83,878.19,0.0131052,0,353.317,359.543
4.13793,375.379,1,847.83,811.655,0.0131268,0.174676,353.317,360.056
4.13793,378.897,1,847.83,752.636,0.0130762,0.324689,353.317,360.586
4.13793,382.414,1,847.83,696.405,0.013028,0.463553,353.317,361.171
4.13793,385.931,1,847.83,638.092,0.0130982,0.604735,353.317,361.888
4.13793,389.448,1,847.83,572.547,0.0130651,0.762021,353.317,362.861
4.13793,392.966,1,847.83,492.518,0.0130484,0.954088,353.317,364.393
4.13793,396.483,1,847.83,469.218,0.0129668,1,353.317,364.93
4.13793,400,1,847.83,463.843,0.0130382,1,353.317,365.064
4.2931,298,1,847.83,463.843,0.0130382,0,353.317,365.064
4.2931,301.517,1,847.83,463.843,0.0130382,0,353.317,365.064
4.2931,305.034,1,847.83,463.843,0.0130382,0,353.317,365.064
4.2931,308.552,1,847.83,463.843,0.0130382,0,353.317,365.064
4.2931,312.069,1,847.83,463.843,0.0130382,0,353.317,365.064
4.2931,315.586,1,847.83,463.843,0.0130382,0,353.317,365.064
4.2931,319.103,1,847.83,463.843,0.0130382,0,353.317,365.064
4.2931,322.621,1,847.83,463.843,0.0130382,0,353.317,365.064
4.2931,326.138,1,847.83,463.843,0.0130382,0,353.317,365.064
4.2931,329.655,1,847.83,463.843,0.0130382,0,353.317,365.064
4.2931,333.172,1,847.83,463.843,0.0130382,0,353.317,365.064
4.2931,336.69,1,847.83,463.843,0.0130382,0,353.317,365.064
4.2931,340.207,1,847.83,463.843,0.0130382,0,353.317,365.064
4.2931,343.724,1,847.83,463.843,0.0130382,0,353.317,365.064
4.2931,347.241,1,847.83,463.843,0.0130382,0,353.317,365.064
4.2931,350.759,1,847.83,463.843,0.0130382,0,353.317,365.064
4.2931,354.276,1,847.83,463.843,0.0130382,0,353.317,365.064
4.2931,357.793,1,847.83,463.843,0.0130382,0,353.317,365.064
4.2931,361.31,1,847.83,463.843,0.0130382,0,353.317,365.064
4.2931,364.828,1,847.83,463.843,0.0130382,0,353.317,365.064
4.2931,368.345,1,847.83,463.843,0.0130382,0,353.317,365.064
4.2931,371.862,1,847.83,463.843,0.0130382,0,353.317,365.064
4.2931,375.379,1,847.83,463.843,0.0130382,0.174676,353.317,365.064
4.2931,378.897,1,873.436,778.241,0.0130852,0.324689,353.317,360.347
4.2931,382.414,1,873.436,722.007,0.0130485,0.463553,353.317,360.894
4.2931,385.931,1,873.436,663.7,0.013077,0.604735,353.317,361.558
4.2931,389.448,1,873.436,598.159,0.0130073,0.762021,353.317,362.455
4.2931,392.966,1,873.436,518.124,0.0130527,0.954088,353.317,363.853
4.2931,396.483,1,873.436,494.814,0.0130415,1,353.317,364.342
4.2931,400,1,873.436,489.446,0.0130551,1,353.317,364.461
4.44828,298,1,873.436,489.446,0.0130551,0,353.317,364.461
4.44828,301.517,1,873.436,489.446,0.0130551,0,353.317,364.461
4.44828,305.034,1,873.436,489.446,0.0130551,0,353.317,364.461
4.44828,308.552,1,873.436,489.446,0.0130551,0,353.317,364.461
4.44828,312.069,1,873.436,489.446,0.0130551,0,353.317,364.461
4.44828,315.586,1,873.436,489.446,0.0130551,0,353.317,364.461
4.44828,319.103,1,873.436,489.446,0.0130551,0,353.317,364.461
4.44828,322.621,1,873.436,489.446,0.0130551,0,353.317,364.461
4.44828,326.138,1,873.436,489.446,0.0130551,0,353.317,364.461
4.44828,329.655,1,873.436,489.446,0.0130551,0,353.317,364.461
4.44828,333.172,1,873.436,489.446,0.0130551,0,353.317,364.461
4.44828,336.69,1,873.436,489.446,0.0130551,0,353.317,364.461
4.44828,340.207,1,873.436,489.446,0.0130551,0,353.317,364.461
4.44828,343.724,1,873.436,489.446,0.0130551,0,353.317,364.461
4.44828,347.241,1,873.436,489.446,0.0130551,0,353.317,364.461
4.44828,350.759,1,873.436,489.446,0.0130551,0,353.317,364.461
4.44828,354.276,1,873.436,489.446,0.0130551,0,353.317,364.461
4.44828,357.793,1,873.436,489.446,0.0130551,0,353.317,364.461
4.44828,361.31,1,873.436,489.446,0.0130551,0,353.317,364.461
4.44828,364.828,1,873.436,489.446,0.0130551,0,353.317,364.461
4.44828,368.345,1,873.436,489.446,0.0130551,0,353.317,364.461
4.44828,371.862,1,873.436,489.446,0.0130551,0,353.317,364.461
4.44828,375.379,1,873.436,489.446,0.0130551,0.174676,353.317,364.461
4.44828,378.897,1,873.436,489.446,0.0130551,0.324689,353.317,364.461
4.44828,382.414,1,873.436,489.446,0.0130551,0.463553,353.317,364.461
4.44828,385.931,1,899.041,689.314,0.0130033,0.604735,353.317,361.252
4.44828,389.448,1,899.041,623.761,0.0130299,0.762021,353.317,362.084
4.44828,392.966,1,899.041,543.737,0.0129883,0.954088,353.317,363.361
4.44828,396.483,1,899.041,520.419,0.0130464,1,353.317,363.807
4.44828,400,1,899.041,515.052,0.0130584,1,353.317,363.915
4.60345,298,1,899.041,515.052,0.0130584,0,353.317,363.915
4.60345,301.517,1,899.041,515.052,8.17E-06,0,353.317,363.907
4.60345,305.034,1,899.041,515.052,7.90E-06,0,353.317,364.174
4.60345,308.552,1,899.041,515.052,7.69E-06,0,353.317,364.414
4.60345,312.069,1,899.041,515.052,8.02E-06,0,353.317,364.234
4.60345,315.586,1,899.041,515.052,7.70E-06,0,353.317,364.562
4.60345,319.103,1,899.041,515.052,8.03E-06,0,353.317,364.38
4.60345,322.621,1,899.041,515.052,7.66E-06,0,353.317,364.752
4.60345,326.138,1,899.041,515.052,7.88E-06,0,353.317,364.662
4.60345,329.655,1,899.041,515.052,7.53E-06,0,353.317,365.038
4.60345,333.172,1,899.041,515.052,7.53E-06,0,353.317,365.038
4.60345,336.69,1,899.041,515.052,7.53E-06,0,353.317,365.038
4.60345,340.207,1,899.041,515.052,7.53E-06,0,353.317,365.038
4.60345,343.724,1,899.041,515.052,7.53E-06,0,353.317,365.038
4.60345,347.241,1,899.041,515.052,7.53E-06,0,353.317,365.038
4.60345,350.759,1,899.041,515.052,7.53E-06,0,353.317,365.038
4.60345,354.276,1,899.041,515.052,7.53E-06,0,353.317,365.038
4.60345,357.793,1,899.041,515.052,7.53E-06,0,353.317,365.038
4.60345,361.31,1,899.041,515.052,7.53E-06,0,353.317,365.038
4.60345,364.828,1,899.041,515.052,7.53E-06,0,353.317,365.038
4.60345,368.345,1,899.041,515.052,7.53E-06,0,353.317,365.038
4.60345,371.862,1,899.041,515.052,7.53E-06,0,353.317,365.038
4.60345,375.379,1,899.041,515.052,7.53E-06,0.174676,353.317,365.038
4.60345,378.897,1,899.041,515.052,7.53E-06,0.324689,353.317,365.038
4.60345,382.414,1,899.041,515.052,7.53E-06,0.463553,353.317,365.038
4.60345,385.931,1,899.041,515.052,7.53E-06,0.604735,353.317,365.038
4.60345,389.448,1,899.041,515.052,7.53E-06,0.762021,353.317,365.038
4.60345,392.966,1,924.647,569.336,0.0130526,0.954088,353.317,362.915
4.60345,396.483,1,924.647,546.032,0.012988,1,353.317,363.319
4.60345,400,1,924.647,540.666,0.0129784,1,353.317,363.417
4.75862,298,1,924.647,540.666,0.0129784,0,353.317,363.417
4.75862,301.517,1,924.647,540.666,0.0129784,0,353.317,363.417
4.75862,305.034,1,924.647,540.666,0.0129784,0,353.317,363.417
4.75862,308.552,1,924.647,540.666,0.0129784,0,353.317,363.417
4.75862,312.069,1,924.647,540.666,0.0129784,0,353.317,363.417
4.75862,315.586,1,924.647,540.666,0.0129784,0,353.317,363.417
4.75862,319.103,1,924.647,540.666,0.0129784,0,353.317,363.417
4.75862,322.621,1,924.647,540.666,0.0129784,0,353.317,363.417
4.75862,326.138,1,924.647,540.666,0.0129784,0,353.317,363.417
4.75862,329.655,1,924.647,540.666,0.0129784,0,353.317,363.417
4.75862,333.172,1,924.647,540.666,0.0129784,0,353.317,363.417
4.75862,336.69,1,924.647,540.666,0.0129784,0,353.317,363.417
4.75862,340.207,1,924.647,540.666,0.0129784,0,353.317,363.417
4.75862,343.724,1,924.647,540.666,0.0129784,0,353.317,363.417
4.75862,347.241,1,924.647,540.666,0.0129784,0,353.317,363.417
4.75862,350.759,1,924.647,540.666,0.0129784,0,353.317,363.417
4.75862,354.276,1,924.647,540.666,0.0129784,0,353.317,363.417
4.75862,357.793,1,924.647,540.666,0.0129784,0,353.317,363.417
4.75862,361.31,1,924.647,540.666,0.0129784,0,353.317,363.417
4.75862,364.828,1,924.647,540.666,0.0129784,0,353.317,363.417
4.75862,368.345,1,924.647,540.666,0.0129784,0,353.317,363.417
4.75862,371.862,1,924.647,540.666,0.0129784,0,353.317,363.417
4.75862,375.379,1,924.647,540.666,0.0129784,0.174676,353.317,363.417
4.75862,378.897,1,924.647,540.666,0.0129784,0.324689,353.317,363.417
4.75862,382.414,1,924.647,540.666,0.0129784,0.463553,353.317,363.417
4.75862,385.931,1,924.647,540.666,0.0129784,0.604735,353.317,363.417
4.75862,389.448,1,924.647,540.666,0.0129784,0.762021,353.317,363.417
4.75862,392.966,1,924.647,540.666,0.0129784,0.954088,353.317,363.417
4.75862,396.483,1,924.647,540.666,0.0129784,1,353.317,363.417
4.75862,400,1,924.647,540.666,0.0129784,1,353.317,363.417
4.91379,298,1,924.647,540.666,0.0129784,0,353.317,363.417
4.91379,301.517,1,924.647,540.666,0.0129784,0,353.317,363.417
4.91379,305.034,1,924.647,540.666,0.0129784,0,353.317,363.417
4.91379,308.552,1,924.647,540.666,0.0129784,0,353.317,363.417
4.91379,312.069,1,924.647,540.666,0.0129784,0,353.317,363.417
4.91379,315.586,1,924.647,540.666,0.0129784,0,353.317,363.417
4.91379,319.103,1,924.647,540.666,0.0129784,0,353.317,363.417
4.91379,322.621,1,924.647,540.666,0.0129784,0,353.317,363.417
4.91379,326.138,1,924.647,540.666,0.0129784,0,353.317,363.417
4.91379,329.655,1,924.647,540.666,0.0129784,0,353.317,363.417
4.91379,333.172,1,924.647,540.666,0.0129784,0,353.317,363.417
4.91379,336.69,1,924.647,540.666,0.0129784,0,353.317,363.417
4.91379,340.207,1,924.647,540.666,0.0129784,0,353.317,363.417
4.91379,343.724,1,924.647,540.666,0.0129784,0,353.317,363.417
4.91379,347.241,1,924.647,540.666,0.0129784,0,353.317,363.417
4.91379,350.759,1,924.647,540.666,0.0129784,0,353.317,363.417
4.91379,354.276,1,924.647,540.666,0.0129784,0,353.317,363.417
4.91379,357.793,1,924.647,540.666,0.0129784,0,353.317,363.417
4.91379,361.31,1,924.647,540.666,0.0129784,0,353.317,363.417
4.91379,364.828,1,924.647,540.666,0.0129784,0,353.317,363.417
4.91379,368.345,1,924.647,540.666,0.0129784,0,353.317,363.417
4.91379,371.862,1,924.647,540.666,0.0129784,0,353.317,363.417
4.91379,375.379,1,924.647,540.666,0.0129784,0.174676,353.317,363.417
4.91379,378.897,1,924.647,540.666,0.0129784,0.324689,353.317,363.417
4.91379,382.414,1,924.647,540.666,0.0129784,0.463553,353.317,363.417
4.91379,385.931,1,924.647,540.666,0.0129784,0.604735,353.317,363.417
4.91379,389.448,1,924.647,540.666,0.0129784,0.762021,353.317,363.417
4.91379,392.966,1,924.647,540.666,0.0129784,0.954088,353.317,363.417
4.91379,396.483,1,924.647,540.666,0.0129784,1,353.317,363.417
4.91379,400,1,924.647,540.666,0.0129784,1,353.317,363.417
5.06897,298,1,924.647,540.666,0.0129784,0,353.317,363.417
5.06897,301.517,1,924.647,540.666,0.0129784,0,353.317,363.417
5.06897,305.034,1,924.647,540.666,0.0129784,0,353.317,363.417
5.06897,308.552,1,924.647,540.666,0.0129784,0,353.317,363.417
5.06897,312.069,1,924.647,540.666,0.0129784,0,353.317,363.417
5.06897,315.586,1,924.647,540.666,0.0129784,0,353.317,363.417
5.06897,319.103,1,924.647,540.666,0.0129784,0,353.317,363.417
5.06897,322.621,1,924.647,540.666,0.0129784,0,353.317,363.417
5.06897,326.138,1,924.647,540.666,0.0129784,0,353.317,363.417
5.06897,329.655,1,924.647,540.666,0.0129784,0,353.317,363.417
5.06897,333.172,1,924.647,540.666,0.0129784,0,353.317,363.417
5.06897,336.69,1,924.647,540.666,0.0129784,0,353.317,363.417
5.06897,340.207,1,924.647,540.666,0.0129784,0,353.317,363.417
5.06897,343.724,1,924.647,540.666,0.0129784,0,353.317,363.417
5.06897,347.241,1,924.647,540.666,0.0129784,0,353.317,363.417
5.06897,350.759,1,924.647,540.666,0.0129784,0,353.317,363.417
5.06897,354.276,1,924.647,540.666,0.0129784,0,353.317,363.417
5.06897,357.793,1,924.647,540.666,0.0129784,0,353.317,363.417
5.06897,361.31,1,924.647,540.666,0.0129784,0,353.317,363.417
5.06897,364.828,1,924.647,540.666,0.0129784,0,353.317,363.417
5.06897,368.345,1,924.647,540.666,0.0129784,0,353.317,363.417
5.06897,371.862,1,924.647,540.666,0.0129784,0,353.317,363.417
5.06897,375.379,1,924.647,540.666,0.0129784,0.174676,353.317,363.417
5.06897,378.897,1,924.647,540.666,0.0129784,0.324689,353.317,363.417
5.06897,382.414,1,924.647,540.666,0.0129784,0.463553,353.317,363.417
5.06897,385.931,1,924.647,540.666,0.0129784,0.604735,353.317,363.417
5.06897,389.448,1,924.647,540.666,0.0129784,0.762021,353.317,363.417
5.06897,392.966,1,924.647,540.666,0.0129784,0.954088,353.317,363.417
5.06897,396.483,1,924.647,540.666,0.0129784,1,353.317,363.417
5.06897,400,1,924.647,540.666,0.0129784,1,353.317,363.417
5.22414,298,1,924.647,540.666,0.0129784,0,353.317,363.417
5.22414,301.517,1,924.647,540.666,0.0129784,0,353.317,363.417
5.22414,305.034,1,924.647,540.666,0.0129784,0,353.317,363.417
5.22414,308.552,1,924.647,540.666,0.0129784,0,353.317,363.417
5.22414,312.069,1,924.647,540.666,0.0129784,0,353.317,363.417
5.22414,315.586,1,924.647,540.666,0.0129784,0,353.317,363.417
5.22414,319.103,1,924.647,540.666,0.0129784,0,353.317,363.417
5.22414,322.621,1,924.647,540.666,0.0129784,0,353.317,363.417
5.22414,326.138,1,924.647,540.666,0.0129784,0,353.317,363.417
5.22414,329.655,1,924.647,540.666,0.0129784,0,353.317,363.417
5.22414,333.172,1,924.647,540.666,0.0129784,0,353.317,363.417
5.22414,336.69,1,924.647,540.666,0.0129784,0,353.317,363.417
5.22414,340.207,1,924.647,540.666,0.0129784,0,353.317,363.417
5.22414,343.724,1,924.647,540.666,0.0129784,0,353.317,363.417
5.22414,347.241,1,924.647,540.666,0.0129784,0,353.317,363.417
5.22414,350.759,1,924.647,540.666,0.0129784,0,353.317,363.417
5.22414,354.276,1,924.647,540.666,0.0129784,0,353.317,363.417
5.22414,357.793,1,924.647,540.666,0.0129784,0,353.317,363.417
5.22414,361.31,1,924.647,540.666,0.0129784,0,353.317,363.417
5.22414,364.828,1,924.647,540.666,0.0129784,0,353.317,363.417
5.22414,368.345,1,924.647,540.666,0.0129784,0,353.317,363.417
5.22414,371.862,1,924.647,540.666,0.0129784,0,353.317,363.417
5.22414,375.379,1,924.647,540.666,0.0129784,0.174676,353.317,363.417
5.22414,378.897,1,924.647,540.666,0.0129784,0.324689,353.317,363.417
5.22414,382.414,1,924.647,540.666,0.0129784,0.463553,353.317,363.417
5.22414,385.931,1,924.647,540.666,0.0129784,0.604735,353.317,363.417
5.22414,389.448,1,924.647,540.666,0.0129784,0.762021,353.317,363.417
5.22414,392.966,1,924.647,540.666,0.0129784,0.954088,353.317,363.417
5.22414,396.483,1,924.647,540.666,3.30E-08,1,353.317,411.474
5.22414,400,1,924.647,540.666,3.29E-08,1,353.319,411.48
5.37931,298,1,924.647,540.666,3.29E-08,0,353.319,411.48
5.37931,301.517,1,924.647,540.666,3.29E-08,0,353.319,411.48
5.37931,305.034,1,924.647,540.666,3.29E-08,0,353.319,411.48
5.37931,308.552,1,924.647,540.666,3.29E-08,0,353.319,411.48
5.37931,312.069,1,924.647,540.666,3.29E-08,0,353.319,411.48
5.37931,315.586,1,924.647,540.666,3.29E-08,0,353.319,411.48
5.37931,319.103,1,924.647,540.666,3.29E-08,0,353.319,411.48
5.37931,322.621,1,924.647,540.666,3.29E-08,0,353.319,411.48
5.37931,326.138,1,924.647,540.666,3.29E-08,0,353.319,411.48
5.37931,329.655,1,924.647,540.666,3.29E-08,0,353.319,411.48
5.37931,333.172,1,924.647,540.666,3.29E-08,0,353.319,411.48
5.37931,336.69,1,924.647,540.666,3.29E-08,0,353.319,411.48
5.37931,340.207,1,924.647,540.666,3.29E-08,0,353.319,411.48
5.37931,343.724,1,924.647,540.666,3.29E-08,0,353.319,411.48
5.37931,347.241,1,924.647,540.666,3.29E-08,0,353.319,411.48
5.37931,350.759,1,924.647,540.666,3.29E-08,0,353.319,411.48
5.37931,354.276,1,924.647,540.666,3.29E-08,0,353.319,411.48
5.37931,357.793,1,924.647,540.666,3.29E-08,0,353.319,411.48
5.37931,361.31,1,924.647,540.666,3.29E-08,0,353.319,411.48
5.37931,364.828,1,924.647,540.666,3.29E-08,0,353.319,411.48
5.37931,368.345,1,924.647,540.666,3.29E-08,0,353.319,411.48
5.37931,371.862,1,924.647,540.666,3.29E-08,0,353.319,411.48
5.37931,375.379,1,924.647,540.666,3.29E-08,0.174676,353.319,411.48
5.37931,378.897,1,924.647,540.666,3.29E-08,0.324689,353.319,411.48
5.37931,382.414,1,924.647,540.666,3.29E-08,0.463553,353.319,411.48
5.37931,385.931,1,924.647,540.666,3.29E-08,0.604735,353.319,411.48
5.37931,389.448,1,924.647,540.666,3.29E-08,0.762021,353.319,411.48
5.37931,392.966,1,924.647,540.666,2.64E-08,0.954088,353.318,411.495
5.37931,396.483,1,924.647,540.666,2.64E-08,1,353.318,411.495
5.37931,400,1,924.647,540.666,2.64E-08,1,353.318,411.495
5.53448,298,1,924.647,540.666,2.64E-08,0,353.318,411.495
5.53448,301.517,1,924.647,540.666,2.64E-08,0,353.318,411.495
5.53448,305.034,1,924.647,540.666,2.64E-08,0,353.318,411.495
5.53448,308.552,1,924.647,540.666,2.64E-08,0,353.318,411.495
5.53448,312.069,1,924.647,540.666,2.64E-08,0,353.318,411.495
5.53448,315.586,1,924.647,540.666,2.64E-08,0,353.318,411.495
5.53448,319.103,1,924.647,540.666,2.64E-08,0,353.318,411.495
5.53448,322.621,1,924.647,540.666,2.64E-08,0,353.318,411.495
5.53448,326.138,1,924.647,540.666,2.64E-08,0,353.318,411.495
5.53448,329.655,1,924.647,540.666,2.64E-08,0,353.318,411.495
5.53448,333.172,1,924.647,540.666,2.64E-08,0,353.318,411.495
5.53448,336.69,1,924.647,540.666,2.64E-08,0,353.318,411.495
5.53448,340.207,1,924.647,540.666,2.64E-08,0,353.318,411.495
5.53448,343.724,1,924.647,540.666,2.64E-08,0,353.318,411.495
5.53448,347.241,1,924.647,540.666,2.64E-08,0,353.318,411.495
5.53448,350.759,1,924.647,540.666,2.64E-08,0,353.318,411.495
5.53448,354.276,1,924.647,540.666,2.64E-08,0,353.318,411.495
5.53448,357.793,1,924.647,540.666,2.64E-08,0,353.318,411.495
5.53448,361.31,1,924.647,540.666,2.64E-08,0,353.318,411.495
5.53448,364.828,1,924.647,540.666,2.64E-08,0,353.318,411.495
5.53448,368.345,1,924.647,540.666,2.64E-08,0,353.318,411.495
5.53448,371.862,1,924.647,540.666,2.64E-08,0,353.318,411.495
5.53448,375.379,1,924.647,540.666,2.64E-08,0.174676,353.318,411.495
5.53448,378.897,1,924.647,540.666,2.64E-08,0.324689,353.318,411.495
5.53448,382.414,1,924.647,540.666,2.64E-08,0.463553,353.318,411.495
5.53448,385.931,1,924.647,540.666,2.64E-08,0.604735,353.318,411.495
5.53448,389.448,1,924.647,540.666,2.64E-08,0.762021,353.318,411.495
5.53448,392.966,1,924.647,540.666,2.64E-08,0.954088,353.318,411.495
5.53448,396.483,1,924.647,540.666,2.64E-08,1,353.318,411.495
5.53448,400,1,924.647,540.666,2.64E-08,1,353.318,411.495
5.68966,298,1,924.647,540.666,2.64E-08,0,353.318,411.495
5.68966,301.517,1,924.647,540.666,2.64E-08,0,353.318,411.495
5.68966,305.034,1,924.647,540.666,2.64E-08,0,353.318,411.495
5.68966,308.552,1,924.647,540.666,2.64E-08,0,353.318,411.495
5.68966,312.069,1,924.647,540.666,2.64E-08,0,353.318,411.495
5.68966,315.586,1,924.647,540.666,2.64E-08,0,353.318,411.495
5.68966,319.103,1,924.647,540.666,2.64E-08,0,353.318,411.495
5.68966,322.621,1,924.647,540.666,2.64E-08,0,353.318,411.495
5.68966,326.138,1,924.647,540.666,2.64E-08,0,353.318,411.495
5.68966,329.655,1,924.647,540.666,2.64E-08,0,353.318,411.495
5.68966,333.172,1,924.647,540.666,2.64E-08,0,353.318,411.495
5.68966,336.69,1,924.647,540.666,2.64E-08,0,353.318,411.495
5.68966,340.207,1,924.647,540.666,2.64E-08,0,353.318,411.495
5.68966,343.724,1,924.647,540.666,2.64E-08,0,353.318,411.495
5.68966,347.241,1,924.647,540.666,2.64E-08,0,353.318,411.495
5.68966,350.759,1,924.647,540.666,2.64E-08,0,353.318,411.495
5.68966,354.276,1,924.647,540.666,2.64E-08,0,353.318,411.495
5.68966,357.793,1,924.647,540.666,2.64E-08,0,353.318,411.495
5.68966,361.31,1,924.647,540.666,2.64E-08,0,353.318,411.495
5.68966,364.828,1,924.647,540.666,2.64E-08,0,353.318,411.495
5.68966,368.345,1,924.647,540.666,2.64E-08,0,353.318,411.495
5.68966,371.862,1,924.647,540.666,2.64E-08,0,353.318,411.495
5.68966,375.379,1,924.647,540.666,2.64E-08,0.174676,353.318,411.495
5.68966,378.897,1,924.647,540.666,2.64E-08,0.324689,353.318,411.495
5.68966,382.414,1,924.647,540.666,2.64E-08,0.463553,353.318,411.495
5.68966,385.931,1,924.647,540.666,2.64E-08,0.604735,353.318,411.495
5.68966,389.448,1,924.647,540.666,2.64E-08,0.762021,353.318,411.495
5.68966,392.966,1,924.647,540.666,2.64E-08,0.954088,353.318,411.495
5.68966,396.483,1,924.647,540.666,2.64E-08,1,353.318,411.495
5.68966,400,1,924.647,540.666,2.64E-08,1,353.318,411.495
5.84483,298,1,924.647,540.666,2.64E-08,0,353.318,411.495
5.84483,301.517,1,924.647,540.666,2.64E-08,0,353.318,411.495
5.84483,305.034,1,924.647,540.666,2.64E-08,0,353.318,411.495
5.84483,308.552,1,924.647,540.666,2.64E-08,0,353.318,411.495
5.84483,312.069,1,924.647,540.666,2.64E-08,0,353.318,411.495
5.84483,315.586,1,924.647,540.666,2.64E-08,0,353.318,411.495
5.84483,319.103,1,924.647,540.666,2.64E-08,0,353.318,411.495
5.84483,322.621,1,924.647,540.666,2.64E-08,0,353.318,411.495
5.84483,326.138,1,924.647,540.666,2.64E-08,0,353.318,411.495
5.84483,329.655,1,924.647,540.666,2.64E-08,0,353.318,411.495
5.84483,333.172,1,924.647,540.666,2.64E-08,0,353.318,411.495
5.84483,336.69,1,924.647,540.666,2.64E-08,0,353.318,411.495
5.84483,340.207,1,924.647,540.666,2.64E-08,0,353.318,411.495
5.84483,343.724,1,924.647,540.666,2.64E-08,0,353.318,411.495
5.84483,347.241,1,924.647,540.666,2.64E-08,0,353.318,411.495
5.84483,350.759,1,924.647,540.666,2.64E-08,0,353.318,411.495
5.84483,354.276,1,924.647,540.666,2.64E-08,0,353.318,411.495
5.84483,357.793,1,924.647,540.666,2.64E-08,0,353.318,411.495
5.84483,361.31,1,924.647,540.666,2.64E-08,0,353.318,411.495
5.84483,364.828,1,924.647,540.666,2.64E-08,0,353.318,411.495
5.84483,368.345,1,924.647,540.666,2.64E-08,0,353.318,411.495
5.84483,371.862,1,924.647,540.666,2.64E-08,0,353.318,411.495
5.84483,375.379,1,924.647,540.666,2.64E-08,0.174676,353.318,411.495
5.84483,378.897,1,924.647,540.666,2.64E-08,0.324689,353.318,411.495
5.84483,382.414,1,924.647,540.666,2.64E-08,0.463553,353.318,411.495
5.84483,385.931,1,924.647,540.666,2.64E-08,0.604735,353.318,411.495
5.84483,389.448,1,924.647,540.666,2.64E-08,0.762021,353.318,411.495
5.84483,392.966,1,924.647,540.666,2.64E-08,0.954088,353.318,411.495
5.84483,396.483,1,924.647,540.666,2.64E-08,1,353.318,411.495
5.84483,400,1,924.647,540.666,2.64E-08,1,353.318,411.495
6,298,1,924.647,540.666,2.64E-08,0,353.318,411.495
6,301.517,1,924.647,540.666,2.64E-08,0,353.318,411.495
6,305.034,1,924.647,540.666,2.64E-08,0,353.318,411.495
6,308.552,1,924.647,540.666,2.64E-08,0,353.318,411.495
6,312.069,1,924.647,540.666,2.64E-08,0,353.318,411.495
6,315.586,1,924.647,540.666,2.64E-08,0,353.318,411.495
6,319.103,1,924.647,540.666,2.64E-08,0,353.318,411.495
6,322.621,1,924.647,540.666,2.64E-08,0,353.318,411.495
6,326.138,1,924.647,540.666,2.64E-08,0,353.318,411.495
6,329.655,1,924.647,540.666,2.64E-08,0,353.318,411.495
6,333.172,1,924.647,540.666,2.64E-08,0,353.318,411.495
6,336.69,1,924.647,540.666,2.64E-08,0,353.318,411.495
6,340.207,1,924.647,540.666,2.64E-08,0,353.318,411.495
6,343.724,1,924.647,540.666,2.64E-08,0,353.318,411.495
6,347.241,1,924.647,540.666,2.64E-08,0,353.318,411.495
6,350.759,1,924.647,540.666,2.64E-08,0,353.318,411.495
6,354.276,1,924.647,540.666,2.64E-08,0,353.318,411.495
6,357.793,1,924.647,540.666,2.64E-08,0,353.318,411.495
6,361.31,1,924.647,540.666,2.64E-08,0,353.318,411.495
6,364.828,1,924.647,540.666,2.64E-08,0,353.318,411.495
6,368.345,1,924.647,540.666,2.64E-08,0,353.318,411.495
6,371.862,1,924.647,540.666,2.64E-08,0,353.318,411.495
6,375.379,1,924.647,540.666,2.64E-08,0.174676,353.318,411.495
6,378.897,1,924.647,540.666,2.64E-08,0.324689,353.318,411.495
6,382.414,1,924.647,540.666,2.64E-08,0.463553,353.318,411.495
6,385.931,1,924.647,540.666,2.64E-08,0.604735,353.318,411.495
6,389.448,1,924.647,540.666,1.91E-06,0.762021,353.317,387.614
6,392.966,1,924.647,540.666,1.91E-06,0.954088,353.317,387.614
6,396.483,1,924.647,540.666,1.91E-06,1,353.317,387.614
6,400,1,924.647,540.666,1.91E-06,1,353.317,387.614
